ACCOUNTID_MONTH,ID,ACCOUNTCLOSEDATE,ACCOUNTOPENDATE,BOOKCCY,CLASSIFICATION1,DOMICILECOUNTRY,DOMICILESTATE,ACCOUNTSTATUS,CHURN_FLAG,ACCOUNT_AGE_DAYS,ACCOUNTID,MONTH,NUMBER_OF_POSITION,END_BOOKUGL,MAX_BOOKUGL,UGL_STD,GAIN_DAYS,LOSS_DAYS,LAST_QUANTITY,QUANTITY_CHANGE_COUNT,ORIGINAL_INVESTED,UGL_CHANGE_PCT,UGL_MAX_OPPORTUNITY_LOSS,QUANTITY_NET_CHANGE,QUANTITY_CHANGE_PCT,MARKET_VALUE_NET_CHANGE,MARKET_VALUE_CHANGE_PCT,MAX_DRAW_DOWN,PRICE_TO_COST_RATIO,ACCOUNTID_TRANS,MONTH_TRANS,NUM_TRANSACTIONS,TRADE_DAYS,TRADED_ASSET_CLASSES,CASH_FLOW,AVG_BOOKAMOUNT,TOTAL_QUANTITY_TRADED,AVG_QUANTITY_TRADED,REALIZED_GAIN,REALIZED_LOSS,TRANSACTION_AMOUNT_TOTAL,NET_REALIZED_PNL,NET_REALIZED_PNL_PCT
159331_2024-08,159331,,2002-08-14,USD,Individual,US,MD,OPEN,0,8053,159331,2024-08,1.0,1847375.03,1847375.03,52410.05701367983,14.0,0.0,49902.03,8.0,672571.38,0.027727116103657905,0.0,2189.0899999999965,0.045880425729372294,52029.54000000004,0.02106368748650768,162613.33000000007,2.4790206485809496,159331,2024-08,22.0,7.0,1.0,-160.53999999999985,-7.297272727272721,7027.79,319.445,0.0,0.0,4585.84,0.0,0.0
159331_2024-09,159331,,2002-08-14,USD,Individual,US,MD,OPEN,0,8083,159331,2024-09,1.0,1929298.46,1929298.46,26295.70989210825,7.0,0.0,54756.32,4.0,677129.88,0.03561330066497608,0.0,2262.3799999999974,0.04309792711311053,68608.27000000002,0.02700788737982029,68608.27000000002,2.576143864726721,159331,2024-09,10.0,1.0,1.0,153.56,15.356,1963.88,196.388,0.0,0.0,1472.3400000000001,0.0,0.0
159331_2024-10,159331,,2002-08-14,USD,Individual,US,MD,OPEN,0,8114,159331,2024-10,1.0,1890531.09,1967633.66,25862.853637770262,16.0,0.0,53251.88,9.0,679461.2,-0.004635641746180333,77102.56999999983,-1557.8800000000047,-0.028423404882634125,423.37999999988824,0.00016416415464705719,77128.94999999972,2.5497857631569336,159331,2024-10,28.0,10.0,1.0,119.43999999999687,4.265714285714174,24868.92,888.1757142857142,7627.01,0.0,218751.08,7627.01,0.03486615928936214
159331_2024-11,159331,,2002-08-14,USD,Individual,US,MD,OPEN,0,8144,159331,2024-11,1.0,2038952.61,2038952.61,40776.861615812246,18.0,0.0,57967.59,10.0,688623.22,0.07591346978776635,0.0,4715.709999999999,0.08855480783025875,140858.69999999972,0.05451217636052265,156256.6000000001,2.479055962772232,159331,2024-11,22.0,9.0,1.0,-41910.659999999996,-1905.0299999999997,50909.840000000004,2314.0836363636367,0.0,0.0,48075.34000000001,0.0,0.0
159331_2024-12,159331,,2002-08-14,USD,Individual,US,MD,OPEN,0,8175,159331,2024-12,1.0,1984863.78,2077407.61,31411.415507774414,21.0,0.0,91547.05,12.0,682248.53,-0.0325257764885143,92543.83000000007,23097.979999999996,0.3374476819042245,-62340.02000000002,-0.022800191989697512,91729.56000000006,2.8600318529790245,159331,2024-12,36.0,12.0,1.0,95.80000000000015,2.6611111111111154,29084.379999999997,807.8994444444444,892.04,0.0,46144.22,892.04,0.019331565253459696
159331_2025-01,159331,,2002-08-14,USD,Individual,US,MD,OPEN,0,8206,159331,2025-01,1.0,2034520.15,2048196.77,33285.98114301343,21.0,0.0,109132.29,11.0,686729.62,0.031476069006115055,13676.620000000112,17840.199999999997,0.19541890211955928,61476.10999999987,0.023118574522587445,109154.67000000039,2.9032096800191147,159331,2025-01,31.0,12.0,1.0,44.62000000000086,1.439354838709705,41719.89,1345.8029032258064,3260.78,0.0,61905.78,3260.78,0.05267327218880047
159331_2025-02,159331,,2002-08-14,USD,Individual,US,MD,OPEN,0,8234,159331,2025-02,1.0,2010447.49,2056483.45,21791.572899960287,19.0,0.0,74795.6,10.0,685821.63,0.0037259850850561212,46035.95999999996,-34037.11,-0.31274705922511714,10483.920000000391,0.003899098664250017,80923.9700000002,2.963906800079341,159331,2025-02,29.0,9.0,1.0,-42.85000000000173,-1.4775862068966112,43594.16,1503.2468965517241,0.0,0.0,78521.39000000001,0.0,0.0
159331_2025-03,159331,,2002-08-14,USD,Individual,US,MD,OPEN,0,8265,159331,2025-03,1.0,1850074.31,1969615.67,45522.671177686556,21.0,0.0,79350.76,13.0,688585.73,-0.06069273402967995,119541.35999999987,4811.889999999999,0.06455544603775185,-115159.62999999989,-0.043322387084740795,169743.06999999983,2.8085931831490116,159331,2025-03,32.0,12.0,1.0,-40.85000000000008,-1.2765625000000025,10613.98,331.686875,0.0,0.0,9165.349999999999,0.0,0.0
159331_2025-04,159331,,2002-08-14,USD,Individual,US,MD,OPEN,0,8295,159331,2025-04,1.0,1813704.62,1877736.69,87478.05620974961,21.0,0.0,74931.06,9.0,692751.58,-0.02597391270808711,64032.06999999983,-4410.820000000007,-0.055592582378940436,-52776.060000000056,-0.02065576225053685,335296.56000000006,2.632147199654033,159331,2025-04,22.0,9.0,1.0,3.4199999999999022,0.15545454545454102,17553.73,797.8968181818182,0.0,0.0,16600.58,0.0,0.0
159331_2025-05,159331,,2002-08-14,USD,Individual,US,MD,OPEN,0,8326,159331,2025-05,1.0,1900506.61,1948311.22,45508.41796826801,22.0,0.0,95608.84,13.0,688328.46,0.03682966556137546,47804.60999999987,20897.08,0.2797026866988544,84720.8999999999,0.033601718923837655,137512.7999999998,2.827271530257782,159331,2025-05,33.0,10.0,1.0,9.900000000000716,0.3000000000000217,28452.87,862.2081818181817,13837.53,0.0,93032.92,13837.53,0.14873799510968808
159331_2025-06,159331,,2002-08-14,USD,Individual,US,MD,OPEN,0,8356,159331,2025-06,1.0,1997302.2,1997302.2,25819.315641579877,20.0,0.0,71183.07,14.0,705311.46,0.04796127787081119,0.0,-24434.369999999995,-0.2555430264604448,95463.95999999996,0.03655602756758496,95463.95999999996,2.883173006008969,159331,2025-06,32.0,14.0,1.0,-9.490000000000776,-0.29656250000002427,37531.729999999996,1172.8665624999999,0.0,0.0,64668.39,0.0,0.0
159331_2025-07,159331,,2002-08-14,USD,Individual,US,MD,OPEN,0,8387,159331,2025-07,1.0,2036446.55,2042852.75,12637.662812400667,6.0,0.0,71870.37,3.0,709384.44,0.013931783378555678,6406.199999999953,907.0099999999948,0.012781384646950127,28888.509999999776,0.010629179469389887,34834.20999999996,2.969689096775487,159331,2025-07,6.0,3.0,1.0,-219.71000000000004,-36.61833333333334,1537.01,256.16833333333335,0.0,0.0,1594.31,0.0,0.0
170364_2024-08,170364,,2010-02-12,USD,IRA,US,NY,OPEN,0,5314,170364,2024-08,1.0,115197.71,115197.71,4992.581067440458,14.0,0.0,1463.9,3.0,93255.26,0.05503238931395808,0.0,67.84000000000015,0.04859389997564585,6076.760000000009,0.030016984939789583,15292.880000000005,1.7898130532532492,170364,2024-08,7.0,3.0,1.0,31.45,4.492857142857143,225.84,32.26285714285714,0.0,0.0,167.13,0.0,0.0
170364_2024-09,170364,,2010-02-12,USD,IRA,US,NY,OPEN,0,5344,170364,2024-09,1.0,122157.3,122167.24,1220.6466421044845,7.0,0.0,1805.75,4.0,93558.99,0.011832388943846861,9.940000000002328,104.3599999999999,0.061338082391456335,1532.8699999999953,0.007153270964711342,3134.850000000006,1.9072809231038899,170364,2024-09,4.0,1.0,1.0,2.886579864025407e-15,7.216449660063518e-16,76.14,19.035,0.0,0.0,86.67999999999999,0.0,0.0
170364_2024-10,170364,,2010-02-12,USD,IRA,US,NY,OPEN,0,5375,170364,2024-10,1.0,119243.92,128387.54,2889.5696754418823,16.0,0.0,2323.31,7.0,93664.95,-0.011841272650912983,9143.619999999995,517.56,0.28661774885781527,-772.320000000007,-0.0036032843298421944,8528.279999999999,1.9356030062780059,170364,2024-10,11.0,6.0,1.0,972.15,88.37727272727273,251.26,22.84181818181818,535.75,0.0,1110.67,535.75,0.4823664995003016
170364_2024-11,170364,,2010-02-12,USD,IRA,US,NY,OPEN,0,5405,170364,2024-11,1.0,135340.05,135340.05,4463.796610311281,18.0,0.0,1449.72,5.0,94269.96,0.13036274825543,0.0,-873.5899999999999,-0.3760109498947622,14734.940000000002,0.0688377886848341,15690.119999999995,1.9250081537415453,170364,2024-11,4.0,4.0,1.0,99.28999999999999,24.822499999999998,158.0,39.5,0.0,0.0,99.29,0.0,0.0
170364_2024-12,170364,,2010-02-12,USD,IRA,US,NY,OPEN,0,5436,170364,2024-12,1.0,124566.23,136020.96,3975.5677056515015,21.0,0.0,4420.73,10.0,93481.78,-0.07574978052381062,11454.729999999996,2927.7499999999995,1.9610108641776847,-10753.410000000003,-0.04710898210014552,12661.289999999979,1.9494541992837222,170364,2024-12,26.0,10.0,1.0,0.0,0.0,3410.94,131.19,0.0,-842.38,5916.38,-842.38,-0.14238098296593524
170364_2025-01,170364,,2010-02-12,USD,IRA,US,NY,OPEN,0,5467,170364,2025-01,1.0,128641.74,129746.54,3733.9068378567367,21.0,0.0,1979.89,10.0,92947.02,0.037665522916175045,1104.7999999999884,-2440.8399999999992,-0.5521350546176762,-507.3299999999872,-0.0023387962563769676,11824.529999999999,1.96612777892244,170364,2025-01,29.0,11.0,1.0,8.881784197001252e-16,3.062684205862501e-17,28222.85,973.201724137931,4763.33,0.0,35680.759999999995,4763.33,0.13349855776614625
170364_2025-02,170364,,2010-02-12,USD,IRA,US,NY,OPEN,0,5495,170364,2025-02,1.0,132094.18,134060.89,1808.9456523823767,19.0,0.0,1589.48,7.0,87770.21,0.032472495237207834,1966.710000000021,-390.4100000000001,-0.19718772255024272,4145.75,0.019219102028108403,6189.070000000007,2.0359549806566224,170364,2025-02,14.0,6.0,1.0,8.881784197001252e-15,6.344131569286609e-16,1306.0,93.28571428571429,0.0,-110.57,2997.1600000000003,-110.57,-0.03689159070586821
170364_2025-03,170364,,2010-02-12,USD,IRA,US,NY,OPEN,0,5526,170364,2025-03,1.0,118542.73,129718.94,3859.7988910484733,21.0,0.0,1951.91,9.0,87761.44,-0.08615711784262195,11176.210000000006,352.99,0.2207677682435644,-10823.220000000001,-0.04976426023066275,14444.550000000017,1.9485903635728412,170364,2025-03,26.0,9.0,1.0,0.0,0.0,836.49,32.17269230769231,0.0,0.0,727.06,0.0,0.0
170364_2025-04,170364,,2010-02-12,USD,IRA,US,NY,OPEN,0,5556,170364,2025-04,1.0,116965.07,120194.34,6773.719661508203,21.0,0.0,2851.24,7.0,88123.87,-0.017688895838972384,3229.2699999999895,899.3299999999997,0.46074357936585175,-3055.4199999999837,-0.014746578564231,24857.100000000006,1.8551256494297927,170364,2025-04,19.0,7.0,1.0,2.842170943040401e-14,1.495879443705474e-15,3865.58,203.4515789473684,0.0,-181.02,5466.14,-181.02,-0.0331166051363485
170364_2025-05,170364,,2010-02-12,USD,IRA,US,NY,OPEN,0,5587,170364,2025-05,1.0,123525.95,125420.43,3291.237879401454,22.0,0.0,1741.73,6.0,87174.69,0.0615905111855242,1894.479999999996,-1109.5099999999998,-0.3891324476368176,7274.279999999999,0.03573987462832378,10108.900000000023,1.9075773834299186,170364,2025-05,12.0,5.0,1.0,-1.7763568394002505e-15,-1.4802973661668753e-16,1491.14,124.26166666666667,0.0,0.0,2655.62,0.0,0.0
170364_2025-06,170364,,2010-02-12,USD,IRA,US,NY,OPEN,0,5617,170364,2025-06,1.0,133025.6,133025.6,2538.4297895086497,19.0,0.0,2049.28,7.0,87282.34,0.0723653285719802,0.0,298.1100000000001,0.1702347573336684,9274.940000000002,0.043886230068011095,9274.940000000002,1.9338684755708941,170364,2025-06,22.0,7.0,1.0,-2.6645352591003757e-15,-1.2111523905001707e-16,726.0,33.0,0.0,0.0,615.1,0.0,0.0
170364_2025-07,170364,,2010-02-12,USD,IRA,US,NY,OPEN,0,5648,170364,2025-07,1.0,135465.04,136808.09,1062.7355718835508,6.0,0.0,2049.28,1.0,87589.89,0.012589095330976512,1343.0499999999884,0.0,0.0,1684.179999999993,0.007607960853003358,3027.2300000000105,1.9720473595793826,,,,,,,,,,,,,,
174349_2024-08,174349,,2012-01-19,USD,IRA,US,TX,OPEN,0,4608,174349,2024-08,2.0,0.0,21799.55,7741.247649619926,11.0,3.0,142.03,28.0,282038.38,-1.0,21799.55,-10288.383,-0.9863830895286696,-291596.62,-0.9995131601520744,303696.51,1.029880782555533,174349,2024-08,1.0,1.0,1.0,-0.61,-0.61,0.61,0.61,0.0,0.0,0.61,0.0,0.0
174349_2024-09,174349,,2012-01-19,USD,IRA,US,TX,OPEN,0,4638,174349,2024-09,3.0,0.0,28475.02,13199.891587629187,7.0,0.0,0.58,15.0,282038.38,-1.0,28475.02,-10429.833,-0.9999443933811634,-304776.08999999997,-0.9999980969671989,310512.82,1.0860198702351989,174349,2024-09,1.0,1.0,1.0,0.58,0.58,0.58,0.58,0.0,0.0,0.58,0.0,0.0
174349_2024-10,174349,,2012-01-19,USD,IRA,US,TX,OPEN,0,4669,174349,2024-10,2.0,0.0,33794.53,15276.241436949107,16.0,0.0,143.22,32.0,282038.38,-1.0,33794.53,-10287.193000000001,-0.9862690000865738,-306823.83,-0.9995334352660978,315690.26999999996,1.102242332382311,174349,2024-10,1.0,1.0,1.0,-0.58,-0.58,0.58,0.58,0.0,0.0,0.58,0.0,0.0
174349_2024-11,174349,,2012-01-19,USD,IRA,US,TX,OPEN,0,4699,174349,2024-11,2.0,0.0,40678.6,18326.233771417246,18.0,0.0,143.79,36.0,282038.38,-1.0,40678.6,-10286.623,-0.9862143522025445,-309535.17000000004,-0.9995356804349899,322573.76,1.1217506736408305,174349,2024-11,1.0,1.0,1.0,0.53,0.53,0.53,0.53,0.0,0.0,0.53,0.0,0.0
174349_2024-12,174349,,2012-01-19,USD,IRA,US,TX,OPEN,0,4730,174349,2024-12,3.0,0.0,50483.19,20034.91729938284,21.0,0.0,0.53,44.0,282038.38,-1.0,50483.19,-10429.883,-0.9999491870552009,-323863.79,-0.9999983635122263,333216.73,1.085550145659747,174349,2024-12,11.0,4.0,2.0,1.1641798636219391e-12,1.0583453305653992e-13,63190.464,5744.587636363636,18088.43,0.0,37984.45999999999,18088.43,0.4762060590041297
174349_2025-01,174349,,2012-01-19,USD,IRA,US,TX,OPEN,0,4761,174349,2025-01,3.0,0.0,38130.55,15132.539403031677,21.0,0.0,0.51,43.0,300495.0,-1.0,38130.55,-11036.829,-0.999953793210483,-323172.77,-0.9999984218992362,338625.04,1.0086519654543546,174349,2025-01,3.0,2.0,2.0,-0.020000000000000018,-0.006666666666666672,1.04,0.3466666666666667,0.0,0.0,1.04,0.0,0.0
174349_2025-02,174349,,2012-01-19,USD,IRA,US,TX,OPEN,0,4789,174349,2025-02,3.0,0.0,37799.44,16625.41396707921,19.0,0.0,0.46,39.0,300495.0,-1.0,37799.44,-11036.879,-0.9999583232878868,-332223.44,-0.9999986153916078,338293.98,1.0173905196529631,174349,2025-02,2.0,2.0,1.0,-0.04999999999999999,-0.024999999999999994,0.97,0.485,0.0,0.0,0.97,0.0,0.0
174349_2025-03,174349,,2012-01-19,USD,IRA,US,TX,OPEN,0,4820,174349,2025-03,3.0,0.0,18373.72,5035.082055238187,15.0,6.0,0.51,43.0,300495.0,-1.0,18373.72,-11036.829,-0.999953793210483,-316440.0,-0.9999983883226582,318868.20999999996,0.9376630749668504,174349,2025-03,2.0,2.0,1.0,0.04999999999999999,0.024999999999999994,0.97,0.485,0.0,0.0,0.97,0.0,0.0
174349_2025-04,174349,,2012-01-19,USD,IRA,US,TX,OPEN,0,4850,174349,2025-04,3.0,0.0,3031.82,9636.69048109583,5.0,16.0,0.49,43.0,300495.0,1.0,3031.82,-11036.849,-0.9999556052414446,-299111.39,-0.9999983618169898,303526.34,0.8899275568016114,174349,2025-04,2.0,2.0,1.0,-0.020000000000000018,-0.010000000000000009,1.0,0.5,0.0,0.0,1.0,0.0,0.0
174349_2025-05,174349,,2012-01-19,USD,IRA,US,TX,OPEN,0,4881,174349,2025-05,3.0,0.0,30625.17,12447.174838181078,22.0,0.0,0.51,45.0,300495.0,-1.0,30625.17,-11036.829,-0.999953793210483,-307941.25,-0.9999983438426798,331119.66,0.9885446594950147,174349,2025-05,2.0,2.0,1.0,0.020000000000000018,0.010000000000000009,1.0,0.5,0.0,0.0,1.0,0.0,0.0
174349_2025-06,174349,,2012-01-19,USD,IRA,US,TX,OPEN,0,4911,174349,2025-06,3.0,0.0,45525.59,17970.626791961582,19.0,0.0,0.49,39.0,300495.0,-1.0,45525.59,-11036.849,-0.9999556052414446,-330788.57,-0.9999985186934538,346020.10000000003,1.0268957900933768,174349,2025-06,2.0,2.0,1.0,-0.020000000000000018,-0.010000000000000009,1.0,0.5,0.0,0.0,1.0,0.0,0.0
174349_2025-07,174349,,2012-01-19,USD,IRA,US,TX,OPEN,0,4942,174349,2025-07,2.0,0.0,47733.05,23607.77981800432,6.0,0.0,147.82,12.0,300495.0,-1.0,47733.05,-10889.519,-0.9866072791639362,-342782.3,-0.9995689500823083,348080.72,1.057114037239988,174349,2025-07,1.0,1.0,1.0,-0.49,-0.49,0.49,0.49,0.0,0.0,0.49,0.0,0.0
178417_2024-08,178417,,2013-03-13,USD,Trust,US,DE,OPEN,0,4189,178417,2024-08,1.0,4316308.51,4316308.51,101763.80412526998,14.0,0.0,2070030.05,5.0,3188206.42,0.024518779816133502,0.0,-110398.09000000008,-0.05063138196336068,109112.41000000015,0.014630572951408878,318649.6699999999,3.1318026045962823,178417,2024-08,23.0,7.0,1.0,-73093.84000000001,-3177.9930434782614,664135.59,28875.460434782606,0.0,0.0,496972.93999999994,0.0,0.0
178417_2024-09,178417,,2013-03-13,USD,Trust,US,DE,OPEN,0,4219,178417,2024-09,1.0,4421068.67,4421068.67,31488.236444689486,7.0,0.0,2109236.15,2.0,3362322.81,0.01714464889616254,0.0,3643.5699999998324,0.0017304249808858237,77698.95000000019,0.010183147963788183,80800.68999999948,3.2250155322981637,178417,2024-09,6.0,1.0,1.0,1901.54,316.92333333333335,49581.77,8263.628333333332,0.0,0.0,5704.619999999999,0.0,0.0
178417_2024-10,178417,,2013-03-13,USD,Trust,US,DE,OPEN,0,4250,178417,2024-10,1.0,4231860.09,4454821.59,54809.17704513886,16.0,0.0,2116033.51,9.0,3313256.83,-0.03498831437564638,222961.5,6797.35999999987,0.003222664280621148,-147598.66999999993,-0.01923851275681105,218989.4500000002,3.224457340190005,178417,2024-10,23.0,8.0,1.0,4785.22,208.0530434782609,112047.58,4871.633913043478,0.0,0.0,14380.94,0.0,0.0
178417_2024-11,178417,,2013-03-13,USD,Trust,US,DE,OPEN,0,4280,178417,2024-11,1.0,4506258.26,4506258.26,76275.32962580502,18.0,0.0,2110532.04,5.0,3318054.69,0.0575758789676264,0.0,-7501.469999999739,-0.003541714502902147,236961.93000000063,0.03136277996443247,266379.03000000026,3.2306821837163118,178417,2024-11,9.0,5.0,1.0,6250.32,694.48,130155.85,14461.761111111111,0.0,0.0,6250.320000000001,0.0,0.0
178417_2024-12,178417,,2013-03-13,USD,Trust,US,DE,OPEN,0,4311,178417,2024-12,1.0,4298179.13,4528170.95,76913.88092289102,21.0,0.0,2122500.24,9.0,3232513.07,-0.0507913288918565,229991.8200000003,9546.620000000112,0.004518139872847806,-221161.0700000003,-0.028293672613338657,254743.25,3.2341040349268657,178417,2024-12,35.0,11.0,1.0,11749.350000000004,335.6957142857144,310038.52,8858.24342857143,0.0,-7.61,185248.05000000002,-7.61,-4.108005455388059e-05
178417_2025-01,178417,,2013-03-13,USD,Trust,US,DE,OPEN,0,4342,178417,2025-01,1.0,4447056.78,4465150.25,81513.65105062634,21.0,0.0,2351248.91,15.0,3259974.92,0.04085934459780001,18093.46999999974,223477.84000000032,0.10502908097157292,256221.88999999966,0.0338244803867711,322403.46999999974,3.2280757486211353,178417,2025-01,82.0,19.0,1.0,-162800.40000000002,-1985.3707317073174,1566469.35,19103.28475609756,72106.42,0.0,1066330.1400000001,72106.42,0.06762110278529686
178417_2025-02,178417,,2013-03-13,USD,Trust,US,DE,OPEN,0,4370,178417,2025-02,1.0,4471040.72,4472112.54,29841.421038308887,19.0,0.0,2297539.84,13.0,3586968.6,0.014064476703200173,1071.820000000298,-56631.0,-0.0240556033732879,81830.25999999978,0.010496292008394007,115180.22000000067,3.3642603045214514,178417,2025-02,49.0,14.0,1.0,214341.66,4374.319591836735,886240.77,18086.546326530613,0.0,0.0,395702.88000000006,0.0,0.0
178417_2025-03,178417,,2013-03-13,USD,Trust,US,DE,OPEN,0,4401,178417,2025-03,1.0,4211939.79,4418736.84,88880.94616406625,21.0,0.0,2254168.87,14.0,3421027.52,-0.04680003754195052,206797.0499999998,-44757.94999999972,-0.019469062525443816,-149087.7999999998,-0.019048038721609473,307491.8300000001,3.3145662631559003,178417,2025-03,50.0,17.0,1.0,13540.829999999978,270.81659999999954,771117.47,15422.3494,46682.32,-340.5,812357.49,46341.82,0.05704609186283246
178417_2025-04,178417,,2013-03-13,USD,Trust,US,DE,OPEN,0,4431,178417,2025-04,1.0,4020125.41,4221180.04,153472.39834922593,21.0,0.0,2249580.29,8.0,3480910.17,-0.039568952402139916,201054.6299999999,-4588.5800000000745,-0.0020355972709356395,-171058.2999999998,-0.022355794024375118,641863.96,3.1717318353879467,178417,2025-04,30.0,8.0,1.0,6707.1,223.57000000000002,143963.26,4798.775333333334,0.0,0.0,46164.659999999996,0.0,0.0
178417_2025-05,178417,,2013-03-13,USD,Trust,US,DE,OPEN,0,4462,178417,2025-05,1.0,4071974.83,4151605.9,63405.844620791395,22.0,0.0,2257124.41,5.0,3476321.59,0.017722352189235797,79631.06999999983,4456.620000000112,0.001978374272399976,74518.88999999966,0.009983008083058704,210218.15000000037,3.2258790377213615,178417,2025-05,23.0,6.0,1.0,135966.98,5911.607826086957,364109.39,15830.843043478262,0.0,0.0,151227.69999999995,0.0,0.0
178417_2025-06,178417,,2013-03-13,USD,Trust,US,DE,OPEN,0,4492,178417,2025-06,1.0,4188681.18,4188681.18,46005.09412267249,20.0,0.0,2256286.19,8.0,3483865.71,0.030282129271927107,0.0,-1178.9500000001863,-0.0005222450522536911,130705.62000000011,0.017351148748059538,158948.0499999998,3.1974320099229363,178417,2025-06,30.0,10.0,1.0,8777.380000000001,292.57933333333335,267655.42,8921.847333333333,0.0,0.0,225563.34000000003,0.0,0.0
178417_2025-07,178417,,2013-03-13,USD,Trust,US,DE,OPEN,0,4523,178417,2025-07,1.0,4215462.37,4262351.08,23309.869116766055,6.0,0.0,2261521.19,3.0,3492643.09,-0.0046783557106601864,46888.70999999996,1485.0,0.0006570691241895556,-18596.229999999516,-0.002410716730717295,65355.16000000015,3.2411192830360767,178417,2025-07,10.0,4.0,1.0,5235.0,523.5,205970.0,20597.0,0.0,0.0,15705.0,0.0,0.0
180044_2024-08,180044,,2013-09-27,USD,IRA,US,IL,OPEN,0,3991,180044,2024-08,2.0,0.0,0.0,8829.238229940978,0.0,14.0,0.01,28.0,319191.76,1.0,0.0,-30287.268,-0.9999996698283683,-300521.08,-0.9999999667244651,304565.58,0.9676426240818827,180044,2024-08,1.0,1.0,1.0,-0.11,-0.11,0.11,0.11,0.0,0.0,0.11,0.0,0.0
180044_2024-09,180044,,2013-09-27,USD,IRA,US,IL,OPEN,0,4021,180044,2024-09,2.0,0.0,0.0,4607.775598577909,0.0,7.0,0.1,3.0,321842.21,1.0,0.0,-30553.47,-0.9999967270600457,-308963.59,-0.9999996763373716,309674.03,0.9788313783683296,180044,2024-09,3.0,1.0,1.0,0.09999999999990905,0.03333333333330302,30658.326999999997,10219.442333333332,0.0,0.0,2642.2,0.0,0.0
180044_2024-10,180044,,2013-09-27,USD,IRA,US,IL,OPEN,0,4052,180044,2024-10,2.0,0.0,0.0,8204.740752296391,0.0,16.0,-0.01,32.0,321842.21,1.0,0.0,-30553.579999999998,-1.0000003272939955,-308658.37,-1.00000003239828,309980.84,0.9718999118568845,180044,2024-10,2.0,2.0,1.0,1317.1200000000001,658.5600000000001,30658.327,15329.1635,0.0,0.0,1317.34,0.0,0.0
180044_2024-11,180044,,2013-09-27,USD,IRA,US,IL,OPEN,0,4082,180044,2024-11,2.0,-18083.87,0.0,9423.298427233789,0.0,18.0,30817.361,25.0,323163.37,0.07832931972529088,18083.87,132.88400000000183,0.004330658788807182,2854.2000000000116,0.009402962918353975,305079.60000000003,0.9628280334382091,180044,2024-11,3.0,1.0,1.0,0.11999999999998182,0.039999999999993936,30923.448,10307.816,0.0,0.0,2644.42,0.0,0.0
180044_2024-12,180044,,2013-09-27,USD,IRA,US,IL,OPEN,0,4113,180044,2024-12,2.0,0.0,0.0,5490.658034494918,0.0,21.0,19.1,42.0,324480.69,1.0,0.0,-30798.261000000002,-0.999380219480831,-307301.43000000005,-0.9999378499054392,466878.41000000003,0.9804383571073189,180044,2024-12,43.0,5.0,2.0,18.979999999994178,0.4413953488370739,503749.153,11715.096581395348,21.87,-11017.73,631440.7599999998,-10995.859999999999,-0.01741392177470457
180044_2025-01,180044,,2013-09-27,USD,IRA,US,IL,OPEN,0,4144,180044,2025-01,2.0,0.0,0.0,3671.162227319291,0.0,21.0,0.18,42.0,157807.08,1.0,0.0,-15280.965,-0.9999882207779587,-150742.57,-0.9999988059127222,152983.24000000002,0.9793510279773935,180044,2025-01,5.0,2.0,2.0,-18.92000000000004,-3.7840000000000082,15436.349,3087.2698,0.0,0.0,1340.36,0.0,0.0
180044_2025-02,180044,,2013-09-27,USD,IRA,US,IL,OPEN,0,4172,180044,2025-02,2.0,0.0,0.0,2976.4273928592793,0.0,19.0,0.15,38.0,158773.01,1.0,0.0,-15395.91,-0.9999902572476335,-152169.03,-0.9999990142550549,155652.6,0.9878434339650416,180044,2025-02,4.0,2.0,1.0,-0.02999999999995906,-0.007499999999989765,15483.576,3870.894,0.0,0.0,1330.2500000000002,0.0,0.0
180044_2025-03,180044,,2013-09-27,USD,IRA,US,IL,OPEN,0,4203,180044,2025-03,2.0,0.0,0.0,2619.9578747198293,0.0,21.0,0.18,42.0,159433.73,1.0,0.0,-15462.628999999999,-0.9999883591655306,-155141.64,-0.9999988397712494,155497.88999999998,0.9916815929576556,180044,2025-03,4.0,2.0,1.0,0.03000000000000455,0.007500000000001138,15554.417,3888.60425,0.0,0.0,1415.7100000000003,0.0,0.0
180044_2025-04,180044,,2013-09-27,USD,IRA,US,IL,OPEN,0,4233,180044,2025-04,2.0,0.0,0.0,3634.5061992400806,0.0,21.0,0.17,42.0,160098.85,1.0,0.0,-15528.946,-0.999989052821809,-154878.43,-0.9999989023661112,155706.22,0.9812074910350127,180044,2025-04,4.0,2.0,1.0,-0.010000000000072756,-0.002500000000018189,15628.854,3907.2135,0.0,0.0,1482.69,0.0,0.0
180044_2025-05,180044,,2013-09-27,USD,IRA,US,IL,OPEN,0,4264,180044,2025-05,2.0,0.0,0.0,3142.9923313968816,0.0,22.0,0.17,44.0,161548.06,1.0,0.0,-15674.524,-0.9999891544932232,-155237.31,-0.9999989049036353,156746.68,0.9860655244694068,180044,2025-05,4.0,2.0,1.0,3.1835645231126364e-14,7.958911307781591e-15,15701.778999999999,3925.4447499999997,0.0,0.0,1455.8999999999999,0.0,0.0
180044_2025-06,180044,,2013-09-27,USD,IRA,US,IL,OPEN,0,4294,180044,2025-06,2.0,0.0,0.0,2501.5712402783083,0.0,19.0,0.16,38.0,161548.06,1.0,0.0,-15674.534,-0.9999897924642102,-155862.49,-0.9999989734551542,159665.63,0.9940864378352015,180044,2025-06,4.0,2.0,1.0,-0.00999999999995907,-0.0024999999999897674,15772.980000000001,3943.2450000000003,0.0,0.0,1441.41,0.0,0.0
180044_2025-07,180044,,2013-09-27,USD,IRA,US,IL,OPEN,0,4325,180044,2025-07,2.0,-3804.08,0.0,1469.1727819519974,0.0,6.0,15819.14,3.0,162276.01,-0.09063490015625228,3804.08,71.36099999999897,0.004531496155743548,404.5800000000163,0.0025479245731701507,158787.51,0.9999177747276303,180044,2025-07,1.0,1.0,1.0,-0.16,-0.16,0.16,0.16,0.0,0.0,0.16,0.0,0.0
181482_2024-08,181482,,2014-03-19,USD,Trust,US,NJ,OPEN,0,3818,181482,2024-08,1.0,1242434.6,1242434.6,38960.78081500262,14.0,0.0,32546.58,6.0,941688.37,0.029866951095662935,0.0,16256.690000000002,0.9979619260780769,40502.19999999972,0.018854970597875595,120915.51999999979,2.75042219423047,181482,2024-08,8.0,5.0,1.0,13020.26,1627.5325,4350.05,543.75625,4914.14,-815.5,19810.36,4098.64,0.20689376669580967
181482_2024-09,181482,,2014-03-19,USD,Trust,US,NJ,OPEN,0,3848,181482,2024-09,1.0,1274469.57,1282845.26,7832.9971462513095,7.0,0.0,24935.89,6.0,961226.46,0.004397292502661652,8375.689999999944,-5633.049999999999,-0.18427364507895921,25741.720000000205,0.011566298156259452,35432.68000000017,2.954901008598649,181482,2024-09,6.0,3.0,1.0,454.46000000000004,75.74333333333334,1536.74,256.12333333333333,0.0,0.0,1176.52,0.0,0.0
181482_2024-10,181482,,2014-03-19,USD,Trust,US,NJ,OPEN,0,3879,181482,2024-10,1.0,1221822.44,1292406.89,19001.76297793307,16.0,0.0,25918.42,7.0,976778.28,-0.029161859313024188,70584.44999999995,921.1899999999987,0.03685168316649479,-35779.689999999944,-0.01600568282711118,70184.45000000019,3.011730183380594,181482,2024-10,29.0,7.0,1.0,326.2900000000018,11.25137931034489,3329.24,114.80137931034481,0.0,0.0,100644.88999999998,0.0,0.0
181482_2024-11,181482,,2014-03-19,USD,Trust,US,NJ,OPEN,0,3909,181482,2024-11,1.0,1342098.1,1342098.1,31632.4450231757,18.0,0.0,20042.92,4.0,977434.52,0.09360610037015454,0.0,-5875.5,-0.22669205916101368,109000.02000000002,0.049431835574688755,109000.02000000002,3.0892245207808746,181482,2024-11,3.0,3.0,1.0,356.52,118.83999999999999,780.92,260.3066666666667,0.0,0.0,356.52000000000004,0.0,0.0
181482_2024-12,181482,,2014-03-19,USD,Trust,US,NJ,OPEN,0,3940,181482,2024-12,1.0,1292405.41,1373779.9,26685.453302659025,21.0,0.0,52946.97,15.0,971959.02,-0.03776620070990293,81374.48999999999,32130.800000000003,1.5435500382635232,-51737.60999999987,-0.022340535132176893,77709.29000000004,3.155632014752284,181482,2024-12,45.0,16.0,1.0,76.1500000000027,1.6922222222222822,42970.049999999996,954.8899999999999,0.0,-5419.75,67181.61,-5419.75,-0.08067311872996197
181482_2025-01,181482,,2014-03-19,USD,Trust,US,NJ,OPEN,0,3971,181482,2025-01,1.0,1394928.46,1397608.13,46098.988786753114,21.0,0.0,47387.55,11.0,971622.52,0.09021073338048127,2679.6699999999255,-5608.3499999999985,-0.10582611107651721,110105.28000000026,0.048908030008261716,131348.75999999978,3.076466133798695,181482,2025-01,25.0,10.0,1.0,8938.54,357.5416,31443.86,1257.7544,0.0,-2101.32,49369.899999999994,-2101.32,-0.04256277610446852
181482_2025-02,181482,,2014-03-19,USD,Trust,US,NJ,OPEN,0,3999,181482,2025-02,1.0,1346662.24,1406472.8,26998.493701701722,19.0,0.0,57739.33,6.0,957413.24,-0.02988740860266687,59810.560000000056,10480.89,0.22177816280012627,-43299.34000000032,-0.018390268859635732,91311.29000000004,3.046924793169816,181482,2025-02,9.0,6.0,1.0,-8904.56,-989.3955555555555,22347.39,2483.043333333333,0.0,-2406.88,78602.0,-2406.88,-0.03062110378870767
181482_2025-03,181482,,2014-03-19,USD,Trust,US,NJ,OPEN,0,4030,181482,2025-03,1.0,1240514.48,1324791.57,36489.47316867075,21.0,0.0,79572.39,16.0,964377.57,-0.0636153579992965,84277.09000000008,21166.71,0.36240841644168853,-74674.79999999981,-0.032609559439239585,138570.6200000001,2.897897847734477,181482,2025-03,40.0,17.0,1.0,42.950000000000756,1.0737500000000189,30040.11,751.00275,4860.14,0.0,43763.17,4860.14,0.11105548341219341
181482_2025-04,181482,,2014-03-19,USD,Trust,US,NJ,OPEN,0,4060,181482,2025-04,1.0,1267001.5,1267001.5,60577.19081815472,21.0,0.0,25778.32,11.0,974603.26,0.0133199996468181,0.0,-53620.07,-0.675329436780771,12124.009999999776,0.005449115367591912,203043.1299999999,2.7991782808404566,181482,2025-04,20.0,10.0,1.0,48.650000000000006,2.4325,66523.4,3326.1699999999996,0.0,0.0,113896.44999999998,0.0,0.0
181482_2025-05,181482,,2014-03-19,USD,Trust,US,NJ,OPEN,0,4091,181482,2025-05,1.0,1321911.83,1370226.74,25699.517056405773,22.0,0.0,15603.91,7.0,969850.0,0.033864358460332304,48314.909999999916,-9951.759999999998,-0.38941495175043345,61330.10000000009,0.02727646186520247,92200.95000000019,2.942881181259504,181482,2025-05,16.0,6.0,1.0,-179.06000000000282,-11.191250000000176,14422.499999999998,901.4062499999999,17241.839999999997,0.0,91121.73999999999,17241.839999999997,0.18921763346485698
181482_2025-06,181482,,2014-03-19,USD,Trust,US,NJ,OPEN,0,4121,181482,2025-06,1.0,1345434.01,1345434.01,18876.877527357483,20.0,0.0,21015.46,15.0,987837.12,0.016780266733097987,0.0,4366.739999999998,0.26228683045903817,26570.89000000013,0.011491827162584607,68543.95000000019,2.9331671934045453,181482,2025-06,40.0,16.0,1.0,-27.14999999999983,-0.6787499999999957,13996.14,349.9035,0.0,0.0,10850.25,0.0,0.0
181482_2025-07,181482,,2014-03-19,USD,Trust,US,NJ,OPEN,0,4152,181482,2025-07,1.0,1366489.84,1380856.83,8411.394643435673,6.0,0.0,34964.13,3.0,973461.73,0.0008662299781229145,14366.98999999999,98.93999999999505,0.002837787489470014,1281.6100000003353,0.0005446509420079467,24313.19999999972,3.0268394944183656,181482,2025-07,5.0,3.0,1.0,-16.44000000000051,-3.288000000000102,15365.11,3073.022,0.0,-5497.92,28813.78,-5497.92,-0.19080870333569563
201160_2024-08,201160,,2019-07-03,USD,IRA,US,HI,OPEN,0,1886,201160,2024-08,1.0,95879.7,96532.79,7689.761335012468,14.0,0.0,15151.516,1.0,247214.68,0.07480873826273914,653.0899999999965,0.0,0.0,6673.410000000033,0.019836486411652737,23503.5,1.284686617378106,,,,,,,,,,,,,,
201160_2024-09,201160,,2019-07-03,USD,IRA,US,HI,OPEN,0,1916,201160,2024-09,1.0,104904.8,104904.8,3130.386913874575,7.0,0.0,15231.086,2.0,247255.69,0.07669980437598402,0.0,38.55999999999949,0.002538090110887386,7511.559999999998,0.02179237778545429,7672.179999999993,1.3450435980574404,201160,2024-09,2.0,1.0,1.0,0.0,0.0,38.56,19.28,0.0,0.0,77.12,0.0,0.0
201160_2024-10,201160,,2019-07-03,USD,IRA,US,HI,OPEN,0,1947,201160,2024-10,1.0,100505.09,109719.96,2791.38758219277,16.0,0.0,15706.276,1.0,247294.25,-0.0145485468611873,9214.87000000001,0.0,0.0,-1483.789999999979,-0.004242329389047783,9214.869999999995,1.3644729587248872,201160,2024-10,9.0,1.0,1.0,1425.57,158.39666666666665,1635.19,181.6877777777778,0.0,0.0,3326.33,0.0,0.0
201160_2024-11,201160,,2019-07-03,USD,IRA,US,HI,OPEN,0,1977,201160,2024-11,1.0,121717.6,121717.6,5864.112875990578,18.0,0.0,15745.836,2.0,247769.44,0.1859595290638404,0.0,39.55999999999949,0.0025187383692989664,19124.98999999999,0.05458020013092974,19863.23999999999,1.3981883450733774,,,,,,,,,,,,,,
201160_2024-12,201160,,2019-07-03,USD,IRA,US,HI,OPEN,0,2008,201160,2024-12,1.0,106653.94,128314.41,7438.931728039421,21.0,0.0,10533.295,7.0,247845.7,-0.13452934011618708,21660.47,-5249.241,-0.3325980691569466,-13327.460000000021,-0.035915521804041256,18409.570000000007,1.38217221653469,201160,2024-12,31.0,5.0,1.0,1735.33,55.97838709677419,26680.571,860.6635806451612,8510.81,0.0,33168.75,8510.81,0.2565912191445261
201160_2025-01,201160,,2019-07-03,USD,IRA,US,HI,OPEN,0,2039,201160,2025-01,1.0,119581.74,122802.38,6026.319916107927,21.0,0.0,10550.115,2.0,251096.6,0.12287562403763982,3220.6399999999994,16.81999999999971,0.001596841254327322,13102.579999999958,0.03664108466680141,17999.04999999999,1.3284117591908222,201160,2025-01,3.0,2.0,1.0,0.0,0.0,16.82,5.6066666666666665,0.0,0.0,33.64,0.0,0.0
201160_2025-02,201160,,2019-07-03,USD,IRA,US,HI,OPEN,0,2067,201160,2025-02,1.0,111433.16,122685.92,4761.01947062019,19.0,0.0,10565.235,2.0,251113.42,-0.05166778932014008,11252.759999999995,15.1200000000008,0.001433159733329997,-6056.070000000007,-0.01642913199762455,15795.240000000049,1.3416579774087052,201160,2025-02,2.0,1.0,1.0,0.0,0.0,15.12,7.56,0.0,0.0,30.24,0.0,0.0
201160_2025-03,201160,,2019-07-03,USD,IRA,US,HI,OPEN,0,2098,201160,2025-03,1.0,92869.7,106471.94,4968.517931856686,21.0,0.0,11107.575,2.0,251128.54,-0.1230559413175506,13602.240000000005,542.3400000000001,0.05133250703841421,-12489.469999999972,-0.03498156527720838,17826.98999999999,1.270173273080395,201160,2025-03,5.0,1.0,1.0,525.5100000000001,105.10200000000002,832.3399999999999,166.468,0.0,0.0,1610.1899999999998,0.0,0.0
201160_2025-04,201160,,2019-07-03,USD,IRA,US,HI,OPEN,0,2128,201160,2025-04,1.0,91117.01,97180.34,10650.032870353725,21.0,0.0,11125.555,2.0,251670.88,-0.03790709205689804,6063.330000000002,17.979999999999563,0.001618715156098389,-3572.0900000000256,-0.01031269426033927,39005.139999999956,1.205298045543209,201160,2025-04,2.0,1.0,1.0,0.0,0.0,17.98,8.99,0.0,0.0,35.96,0.0,0.0
201160_2025-05,201160,,2019-07-03,USD,IRA,US,HI,OPEN,0,2159,201160,2025-05,1.0,110026.95,113825.16,7072.135862439074,22.0,0.0,11144.105,2.0,251688.86,0.17569566771438228,3798.2100000000064,18.549999999999272,0.0016673325510501967,16460.95000000001,0.0476751163664761,20240.610000000044,1.2992416083680298,201160,2025-05,2.0,1.0,1.0,0.0,0.0,18.55,9.275,0.0,0.0,37.1,0.0,0.0
201160_2025-06,201160,,2019-07-03,USD,IRA,US,HI,OPEN,0,2189,201160,2025-06,1.0,125478.51,125478.51,4180.469859801423,20.0,0.0,11162.075,2.0,251707.41,0.12881539726803268,0.0,17.970000000001164,0.0016125117270522097,14337.020000000019,0.03951041328187393,14337.020000000019,1.3385868982523856,201160,2025-06,2.0,1.0,1.0,0.0,0.0,17.97,8.985,0.0,0.0,35.94,0.0,0.0
201160_2025-07,201160,,2019-07-03,USD,IRA,US,HI,OPEN,0,2220,201160,2025-07,1.0,129266.85,130683.27,1589.670868359238,6.0,0.0,11668.035,2.0,251725.38,0.023316219066729104,1416.4199999999983,505.9599999999991,0.045328489550553915,3451.2999999999884,0.009129290813634224,4867.719999999972,1.381280387100634,201160,2025-07,3.0,1.0,1.0,505.96,168.65333333333334,795.96,265.32,0.0,0.0,1517.8799999999999,0.0,0.0
700361_2024-08,700361,,2022-03-21,USD,Joint,US,MA,OPEN,0,894,700361,2024-08,1.0,591880.23,591880.23,72162.09089317436,16.0,0.0,28792.70398,8.0,1138037.39,0.7905309783852792,0.0,6977.003989999997,0.3198157287273915,915593.3200000001,0.6234469174383298,961829.6499999999,1.2301348754245454,700361,2024-08,67.0,11.0,3.0,184650.2,2755.9731343283584,16797.7,250.71194029850747,0.0,0.0,184650.19999999995,0.0,0.0
700361_2024-09,700361,,2022-03-21,USD,Joint,US,MA,OPEN,0,924,700361,2024-09,1.0,746802.52,763075.42,166242.8753802172,10.0,0.0,33419.51,8.0,2206445.96,-0.0027127909999272,16272.900000000023,-8114.360000000001,-0.19536729902607197,-177649.74000000022,-0.06011266120643043,1423421.31,1.5836498955401817,700361,2024-09,114.0,12.0,2.0,282129.65,2474.8214912280705,18561.25,162.81798245614036,0.0,0.0,282129.64999999997,0.0,0.0
700361_2024-10,700361,,2022-03-21,USD,Joint,US,MA,OPEN,0,955,700361,2024-10,1.0,394488.07,809217.92,104013.44953124553,14.0,0.0,22524.61,12.0,1140324.31,-0.07088600493441569,414729.85000000003,825.1500000000015,0.03802629189850814,-26060.040000000037,-0.016652745414618336,1336133.59,1.261748208178934,700361,2024-10,83.0,11.0,2.0,161685.42,1948.017108433735,9546.04,115.01253012048194,0.0,0.0,163165.10000000003,0.0,0.0
700361_2024-11,700361,,2022-03-21,USD,Joint,US,MA,OPEN,0,985,700361,2024-11,1.0,457885.58,457885.58,20596.099959275085,17.0,0.0,21330.42,6.0,1139897.12,0.17511168018750642,0.0,-1646.1600000000035,-0.07164512734271172,68431.97999999998,0.04459660274956461,71537.29000000004,1.0408408416899209,700361,2024-11,115.0,9.0,3.0,302986.32,2634.6636521739133,17336.920000000002,150.75582608695655,0.0,0.0,303046.23999999993,0.0,0.0
700361_2024-12,700361,,2022-03-21,USD,Joint,US,MA,OPEN,0,1016,700361,2024-12,1.0,356032.54,449920.02,34939.22999449989,21.0,0.0,20419.31,15.0,1140101.56,-0.20867593311362326,93887.48000000004,-109.2599999999984,-0.005322338574971291,-90113.68999999994,-0.05651230625643875,97715.47999999998,1.2700857177832783,700361,2024-12,159.0,15.0,2.0,186170.65,1170.8845911949686,32496.36,204.37962264150943,3048.9,-3027.58,359605.5299999999,21.320000000000164,5.9287186156453625e-05
700361_2025-01,700361,,2022-03-21,USD,Joint,US,MA,OPEN,0,1047,700361,2025-01,1.0,448954.21,460244.34,34662.349742436316,21.0,0.0,20397.22,9.0,1144624.39,0.259919043769281,11290.130000000005,-22.090000000000146,-0.0010818191212141912,89958.6499999999,0.059782135636271036,110996.72999999998,1.313195625152634,700361,2025-01,138.0,11.0,3.0,170443.87,1235.1005072463768,23205.28,168.15420289855072,1738.81,-4677.41,331446.99,-2938.6,-0.008865972806088841
700361_2025-02,700361,,2022-03-21,USD,Joint,US,MA,OPEN,0,1075,700361,2025-02,1.0,462160.31,490440.41,12924.617647024435,19.0,0.0,21165.68,8.0,1141964.59,0.025929657669461627,28280.099999999977,269.6899999999987,0.012906304032496124,12865.340000000084,0.008057165749249194,47387.85999999987,1.3461759213965594,700361,2025-02,125.0,10.0,2.0,193772.22999999998,1550.1778399999998,25750.44,206.00351999999998,2805.9,-2782.44,378766.17000000004,23.460000000000036,6.193794973822513e-05
700361_2025-03,700361,,2022-03-21,USD,Joint,US,MA,OPEN,0,1106,700361,2025-03,1.0,436029.16,446303.8,20890.81951999157,21.0,0.0,22653.7,14.0,1143647.92,-0.023021627868729806,10274.640000000014,530.9799999999996,0.024001569427267513,-7980.869999999879,-0.005004548155526758,72499.5,1.2693940908420445,700361,2025-03,192.0,17.0,2.0,126774.99,660.28640625,72510.74,377.6601041666667,20.17,-1035.05,247866.02999999997,-1014.88,-0.004094469903762126
700361_2025-04,700361,,2022-03-21,USD,Joint,US,MA,OPEN,0,1136,700361,2025-04,1.0,437241.7,440937.51,52526.27510133733,21.0,0.0,20186.71,11.0,1150713.39,0.008826970950192303,3695.8099999999977,-2466.9900000000016,-0.10890009137580181,-17307.38000000012,-0.010925484359607059,169687.6200000001,1.2325687783674375,700361,2025-04,130.0,10.0,3.0,200978.14,1545.9856923076925,29119.73,223.9979230769231,0.0,-21128.04,389638.98,-21128.04,-0.05422465688622838
700361_2025-05,700361,,2022-03-21,USD,Joint,US,MA,OPEN,0,1167,700361,2025-05,1.0,465557.22,472758.84,9554.136819737372,22.0,0.0,20747.34,10.0,1129580.26,0.07873748589501062,7201.620000000054,11.459999999999127,0.0005526652353311809,37910.03000000003,0.024274763830138765,44854.98999999999,1.26130275080229,700361,2025-05,177.0,10.0,2.0,282852.72000000003,1598.037966101695,33080.79,186.8971186440678,9337.6,-6517.99,555213.1399999999,2819.6100000000006,0.005078428078989631
700361_2025-06,700361,,2022-03-21,USD,Joint,US,MA,OPEN,0,1197,700361,2025-06,1.0,507018.17,507018.17,13853.636805188831,20.0,0.0,22895.77,13.0,1134058.25,0.06242470701440663,0.0,1676.5900000000001,0.07901294960502715,52779.71999999997,0.032746689025696746,62842.06999999983,1.255988954897874,700361,2025-06,208.0,15.0,2.0,195685.51,940.7957211538462,34505.63,165.89245192307692,18872.559999999998,-463.04,373133.09,18409.519999999997,0.04933767734188355
700361_2025-07,700361,,2022-03-21,USD,Joint,US,MA,OPEN,0,1228,700361,2025-07,1.0,516720.68,528902.55,5791.021905513471,6.0,0.0,22604.18,1.0,1157846.64,-0.004060022844217903,12181.870000000054,0.0,0.0,-2106.4499999999534,-0.001256626940543642,15317.01000000001,1.2928790891161983,700361,2025-07,45.0,2.0,2.0,70038.99,1556.422,2699.77,59.99488888888889,1264.96,-1337.94,139677.38999999998,-72.98000000000002,-0.0005224897171976082
725569_2024-08,725569,,2022-10-14,USD,Trust,US,FL,OPEN,0,687,725569,2024-08,1.0,359026.94,359026.94,48533.325855896386,16.0,0.0,19813.67,8.0,567383.91,1.0036099104615412,0.0,9051.889999999998,0.8411145739831141,673146.6300000001,0.9016476264675457,705836.0100000001,1.316066047173352,725569,2024-08,138.0,14.0,2.0,299652.04,2171.3915942028984,7265.6,52.649275362318846,0.0,0.0,299652.04,0.0,0.0
725569_2024-09,725569,,2022-10-14,USD,Trust,US,FL,OPEN,0,717,725569,2024-09,1.0,367159.68,378034.73,86263.59817629293,10.0,0.0,20468.75,6.0,1094514.36,0.05015678571886206,10875.049999999988,-4579.1500000000015,-0.18281572507076446,-59542.13000000012,-0.04123022062350779,703937.3500000001,1.5186168022151438,725569,2024-09,106.0,12.0,2.0,158902.86,1499.0835849056602,6899.64,65.09094339622642,0.0,0.0,158902.86,0.0,0.0
725569_2024-10,725569,,2022-10-14,USD,Trust,US,FL,OPEN,0,748,725569,2024-10,1.0,184516.38,411670.97,60737.39684936306,13.0,0.0,13675.06,9.0,557854.77,-0.10904293293060177,227154.58999999997,1008.5799999999999,0.0796259102765725,-22315.02999999991,-0.029171734074829814,737949.5099999999,1.2920509061574033,725569,2024-10,92.0,12.0,3.0,146231.5,1589.4728260869565,7434.48,80.8095652173913,0.0,0.0,146231.49999999994,0.0,0.0
725569_2024-11,725569,,2022-10-14,USD,Trust,US,FL,OPEN,0,778,725569,2024-11,1.0,250100.26,256543.48,19717.47961421294,17.0,0.0,13025.85,8.0,557979.57,0.32460661581263,6443.220000000001,-649.2099999999991,-0.04747401473924057,59919.41000000003,0.08022055246157159,66329.29999999993,1.060072837176412,725569,2024-11,100.0,12.0,2.0,190626.62,1906.2662,6933.21,69.3321,0.0,0.0,190626.62,0.0,0.0
725569_2024-12,725569,,2022-10-14,USD,Trust,US,FL,OPEN,0,809,725569,2024-12,1.0,169359.12,244943.43,27840.149733186136,21.0,0.0,13068.08,12.0,555114.24,-0.3085786379328484,75584.31,-922.0799999999999,-0.06590918188212286,-76123.32000000007,-0.09514314788423661,76833.25,1.363847761527879,725569,2024-12,186.0,11.0,2.0,102426.84,550.6819354838709,14762.6,79.36881720430108,271.37,-1937.16,201760.96000000002,-1665.79,-0.008256255323130896
725569_2025-01,725569,,2022-10-14,USD,Trust,US,FL,OPEN,0,840,725569,2025-01,1.0,176640.43,193327.01,10983.709676024524,21.0,0.0,12287.93,13.0,554586.17,0.0656894210673205,16686.580000000016,-756.25,-0.05797604755530819,8791.769999999902,0.012205054782374864,42620.31999999995,1.3287353223767715,725569,2025-01,148.0,12.0,3.0,93065.62,628.8217567567567,14571.550000000001,98.45641891891893,767.92,-1403.5,180780.14,-635.58,-0.0035157622955707415
725569_2025-02,725569,,2022-10-14,USD,Trust,US,FL,OPEN,0,868,725569,2025-02,1.0,156767.79,179653.96,9509.0341825534,19.0,0.0,14124.74,9.0,552468.31,-0.0630436419708814,22886.169999999984,1858.2700000000004,0.15149183098315983,-13922.570000000065,-0.019342697258849757,32323.96000000008,1.2935259160457362,725569,2025-02,97.0,10.0,2.0,58709.450000000004,605.2520618556701,10644.53,109.73742268041238,284.63,-4047.66,187505.51,-3763.0299999999997,-0.0200689035751536
725569_2025-03,725569,,2022-10-14,USD,Trust,US,FL,OPEN,0,899,725569,2025-03,1.0,124567.01,145289.49,8629.924930659206,21.0,0.0,13544.28,15.0,549073.78,-0.1264379721710134,20722.479999999996,-596.1999999999989,-0.042162642286541825,-19360.05999999994,-0.027988843184361116,32760.56999999995,1.2202935474485355,725569,2025-03,87.0,14.0,1.0,2.620000000000381,0.030114942528740012,11455.59,131.67344827586206,1677.65,-3803.0,136074.16,-2125.35,-0.015619056549751988
725569_2025-04,725569,,2022-10-14,USD,Trust,US,FL,OPEN,0,929,725569,2025-04,1.0,110259.36,137174.56,21055.367556857,21.0,0.0,11494.96,10.0,547756.47,-0.14906813699326193,26915.199999999997,-2046.9300000000003,-0.15115541479069763,-27624.589999999967,-0.04078322914398484,91168.44999999995,1.1565388763765116,725569,2025-04,71.0,11.0,1.0,-3.910000000000508,-0.055070422535218426,8162.11,114.95929577464788,271.32,-7419.72,96055.77000000002,-7148.400000000001,-0.07441926705704403
725569_2025-05,725569,,2022-10-14,USD,Trust,US,FL,OPEN,0,960,725569,2025-05,1.0,130840.4,165213.0,15853.34219604224,22.0,0.0,11868.17,9.0,539448.88,0.16757079357895124,34372.600000000006,392.09000000000015,0.03416584757164469,19652.75,0.030164880574915894,53923.320000000065,1.2308128798292841,725569,2025-05,65.0,10.0,1.0,-0.23000000000079623,-0.0035384615384737883,6656.990000000001,102.41523076923077,7438.620000000001,-6856.820000000001,132850.72999999998,581.8000000000002,0.004379351171047387
725569_2025-06,725569,,2022-10-14,USD,Trust,US,FL,OPEN,0,990,725569,2025-06,1.0,140852.97,145402.89,5780.318971513117,20.0,0.0,16664.67,14.0,540304.65,0.08958733088448874,4549.920000000013,4612.919999999998,0.38275935030182323,117130.70000000007,0.1748796949703077,121493.30000000005,1.2076513468770032,725569,2025-06,142.0,16.0,1.0,21.380000000005822,0.15056338028173114,290293.19,2044.3182394366197,15228.1,-5266.31,578484.42,9961.79,0.017220498349808627
725569_2025-07,725569,,2022-10-14,USD,Trust,US,FL,OPEN,0,1021,725569,2025-07,1.0,155228.13,158410.84,3503.0316837371897,6.0,0.0,16318.72,3.0,648063.29,0.04622315832041521,3182.709999999992,58.72999999999956,0.0036119333406723843,6916.859999999986,0.008689253639183814,10080.869999999995,1.198593401077886,725569,2025-07,24.0,3.0,1.0,-40.02999999999929,-1.6679166666666372,1455.0,60.625,1648.9399999999998,-117.89,30064.510000000002,1531.0499999999997,0.05092549321442457
757105_2024-08,757105,,2023-06-12,USD,IRA,US,NY,OPEN,0,446,757105,2024-08,1.0,629.2,677.79,455.215875372563,7.0,7.0,2686.491,2.0,24191.58,0.7385057471264368,48.58999999999992,1.199999999999818,0.0004468789416118469,268.47999999999956,0.010934489991243593,1384.9799999999996,1.0478656506621293,757105,2024-08,1.0,1.0,1.0,-1.2,-1.2,1.2,1.2,0.0,0.0,1.2,0.0,0.0
757105_2024-09,757105,,2023-06-12,USD,IRA,US,NY,OPEN,0,476,757105,2024-09,1.0,1941.28,1941.28,198.81507326443545,7.0,0.0,2688.641,2.0,24193.89,0.31200367659482425,0.0,1.0399999999999636,0.00038696220160654935,462.6899999999987,0.018022070989875898,535.5900000000001,1.116304252024024,757105,2024-09,1.0,1.0,1.0,1.04,1.04,1.04,1.04,0.0,0.0,1.04,0.0,0.0
757105_2024-10,757105,,2023-06-12,USD,IRA,US,NY,OPEN,0,507,757105,2024-10,1.0,1503.93,2524.44,297.25326011949267,16.0,0.0,2659.181,3.0,24193.89,-0.18446396616235555,1020.51,-28.420000000000073,-0.010574486316979369,-368.59000000000015,-0.014155854580173053,1049.9699999999975,1.1329621957534957,757105,2024-10,1.0,1.0,1.0,-1.04,-1.04,1.04,1.04,0.0,0.0,1.04,0.0,0.0
757105_2024-11,757105,,2023-06-12,USD,IRA,US,NY,OPEN,0,537,757105,2024-11,1.0,3156.2,3156.2,439.0493606474873,18.0,0.0,2660.181,2.0,24165.47,1.0016235207569666,0.0,1.0,0.0003760556351748903,1580.3799999999974,0.061392362528741515,1604.6899999999987,1.1523102595086023,757105,2024-11,1.0,1.0,1.0,0.85,0.85,0.85,0.85,0.0,0.0,0.85,0.0,0.0
757105_2024-12,757105,,2023-06-12,USD,IRA,US,NY,OPEN,0,568,757105,2024-12,1.0,991.85,3131.89,880.8749325374497,21.0,0.0,2730.599,5.0,24166.47,-0.6808298392001519,2140.04,70.41800000000012,0.026471131099725966,-1382.1900000000023,-0.05067782354368958,1433.1800000000003,1.1142584201977386,757105,2024-12,8.0,4.0,1.0,9.092726571680032e-14,1.136590821460004e-14,9789.622,1223.70275,699.78,0.0,1529.54,699.78,0.45751010107614054
757105_2025-01,757105,,2023-06-12,USD,IRA,US,NY,OPEN,0,599,757105,2025-01,1.0,1891.32,1991.26,476.0549554260666,21.0,0.0,2701.509,4.0,24899.17,1.1816294279814978,99.94000000000005,-28.23999999999978,-0.01034527350316816,996.1500000000015,0.038661264219264906,1444.25,1.0581042334289086,757105,2025-01,5.0,3.0,1.0,-0.060000000000001386,-0.012000000000000278,61.4,12.28,0.0,0.0,61.4,0.0,0.0
757105_2025-02,757105,,2023-06-12,USD,IRA,US,NY,OPEN,0,627,757105,2025-02,1.0,1391.6,1941.28,240.55639547778225,19.0,0.0,2702.149,3.0,24870.14,-0.17726907250626692,549.6800000000001,1.4299999999998363,0.0005294886287687968,-298.4100000000035,-0.011234647938865213,874.4699999999975,1.0712651243743732,757105,2025-02,2.0,2.0,1.0,-0.15000000000000002,-0.07500000000000001,1.4300000000000002,0.7150000000000001,0.0,0.0,1.4300000000000002,0.0,0.0
757105_2025-03,757105,,2023-06-12,USD,IRA,US,NY,OPEN,0,658,757105,2025-03,1.0,367.22,1016.83,330.3218097473461,20.0,1.0,2702.859,3.0,24870.93,-0.6388580195312884,649.61,1.349999999999909,0.0004997207116466793,-648.2599999999984,-0.02504117776122764,1273.5900000000001,1.0251417067120447,757105,2025-03,2.0,2.0,1.0,0.06999999999999995,0.034999999999999976,1.35,0.675,0.0,0.0,1.35,0.0,0.0
757105_2025-04,757105,,2023-06-12,USD,IRA,US,NY,OPEN,0,688,757105,2025-04,1.0,217.32,717.01,780.1966046300063,4.0,17.0,2674.159,4.0,24871.57,-0.5991219494198594,499.69,-27.98999999999978,-0.010358422129941681,-352.77999999999884,-0.01388150004249675,2948.25,0.9812543671541816,757105,2025-04,4.0,3.0,1.0,-0.05000000000000082,-0.012500000000000205,60.089999999999996,15.022499999999999,0.0,0.0,60.089999999999996,0.0,0.0
757105_2025-05,757105,,2023-06-12,USD,IRA,US,NY,OPEN,0,719,757105,2025-05,1.0,1516.55,1891.32,545.875975475869,22.0,0.0,2674.769,3.0,24842.92,6.885555324459235,374.77,1.2699999999999818,0.0004750329063149011,1325.5,0.05294536820897263,1699.6599999999999,1.0519546364242827,757105,2025-05,2.0,2.0,1.0,-0.050000000000000044,-0.025000000000000022,1.27,0.635,0.0,0.0,1.27,0.0,0.0
757105_2025-06,757105,,2023-06-12,USD,IRA,US,NY,OPEN,0,749,757105,2025-06,1.0,2515.93,2515.93,300.6645574078968,19.0,0.0,2675.359,3.0,24843.58,0.6589825590979526,0.0,1.199999999999818,0.0004487392110939619,1000.5799999999981,0.03795808290778528,1000.5799999999981,1.0802966784908092,757105,2025-06,2.0,2.0,1.0,-0.020000000000000018,-0.010000000000000009,1.2,0.6,0.0,0.0,1.2,0.0,0.0
757105_2025-07,757105,,2023-06-12,USD,IRA,US,NY,OPEN,0,780,757105,2025-07,1.0,2915.71,3040.63,127.07100105846324,6.0,0.0,2675.359,2.0,24844.19,0.08356869973688509,124.92000000000007,0.5900000000001455,0.00022057979586279994,225.46000000000276,0.008188115284421435,350.380000000001,1.1188251001335112,757105,2025-07,1.0,1.0,1.0,-0.59,-0.59,0.59,0.59,0.0,0.0,0.59,0.0,0.0
764083_2024-08,764083,,2022-05-10,USD,Trust,US,NY,CLOSED,0,844,,,,,,,,,,,,,,,,,,,,,,,,,,,,,,,,,
764083_2024-09,764083,,2022-05-10,USD,Trust,US,NY,CLOSED,0,874,,,,,,,,,,,,,,,,,,,,,,,,,,,,,,,,,
764083_2024-10,764083,,2022-05-10,USD,Trust,US,NY,CLOSED,0,905,,,,,,,,,,,,,,,,,,,,,,,,,,,,,,,,,
764083_2024-11,764083,,2022-05-10,USD,Trust,US,NY,CLOSED,0,935,,,,,,,,,,,,,,,,,,,,,,,,,,,,,,,,,
764083_2024-12,764083,,2022-05-10,USD,Trust,US,NY,CLOSED,0,966,,,,,,,,,,,,,,,,,,,,,,,,,,,,,,,,,
764083_2025-01,764083,,2022-05-10,USD,Trust,US,NY,CLOSED,0,997,,,,,,,,,,,,,,,,,,,,,,,,,,,,,,,,,
764083_2025-02,764083,,2022-05-10,USD,Trust,US,NY,CLOSED,0,1025,,,,,,,,,,,,,,,,,,,,,,,,,,,,,,,,,
764083_2025-03,764083,,2022-05-10,USD,Trust,US,NY,CLOSED,0,1056,,,,,,,,,,,,,,,,,,,,,,,,,,,,,,,,,
764083_2025-04,764083,,2022-05-10,USD,Trust,US,NY,CLOSED,0,1086,,,,,,,,,,,,,,,,,,,,,,,,,,,,,,,,,
764083_2025-05,764083,,2022-05-10,USD,Trust,US,NY,CLOSED,0,1117,,,,,,,,,,,,,,,,,,,,,,,,,,,,,,,,,
764083_2025-06,764083,,2022-05-10,USD,Trust,US,NY,CLOSED,0,1147,,,,,,,,,,,,,,,,,,,,,,,,,,,,,,,,,
764083_2025-07,764083,,2022-05-10,USD,Trust,US,NY,CLOSED,0,1178,,,,,,,,,,,,,,,,,,,,,,,,,,,,,,,,,
778991_2024-08,778991,,2024-04-23,USD,Trust,US,NY,OPEN,0,130,778991,2024-08,1.0,3578.81,3797.71,2466.1789720189754,6.0,8.0,3009.39,3.0,87854.68,23.378751875937972,218.9000000000001,-19810.73,-0.8681255839145456,2898.0,0.03304644428013715,6035.949999999997,0.9756087947168884,778991,2024-08,8.0,3.0,1.0,-166.2099999999955,-20.776249999999436,24555.149999999998,3069.3937499999997,0.0,-1006.9399999999999,117505.82999999999,-1006.9399999999999,-0.008569276945663036
778991_2024-09,778991,,2024-04-23,USD,Trust,US,NY,OPEN,0,160,778991,2024-09,1.0,6080.49,6080.49,947.8939865251157,7.0,0.0,3048.05,2.0,87051.58,0.5682804726127562,0.0,1.0300000000002,0.0003380351950430913,2204.350000000006,0.024242607536120377,2289.0100000000093,1.0259175536036138,778991,2024-09,1.0,1.0,1.0,1.03,1.03,1.03,1.03,0.0,0.0,1.03,0.0,0.0
778991_2024-10,778991,,2024-04-23,USD,Trust,US,NY,OPEN,0,191,778991,2024-10,1.0,4864.6,7851.33,913.016398728002,16.0,0.0,3075.8,3.0,87051.58,-0.05642700722139998,2986.7299999999996,28.7800000000002,0.009445294090619753,-262.1299999999901,-0.0028428399594867394,2958.979999999996,1.0499181525882175,778991,2024-10,4.0,2.0,1.0,26.72,6.68,124.03,31.0075,0.0,0.0,84.28,0.0,0.0
778991_2024-11,778991,,2024-04-23,USD,Trust,US,NY,OPEN,0,221,778991,2024-11,1.0,10360.94,10360.94,1605.5658509110629,18.0,0.0,3076.82,2.0,87052.61,0.9040525441420779,0.0,1.0199999999999818,0.00033162104168020734,4920.440000000002,0.05318136639679179,5119.830000000002,1.0786477871419746,778991,2024-11,1.0,1.0,1.0,1.06,1.06,1.06,1.06,0.0,0.0,1.06,0.0,0.0
778991_2024-12,778991,,2024-04-23,USD,Trust,US,NY,OPEN,0,252,778991,2024-12,1.0,6457.52,11342.62,1670.6595551654784,21.0,0.0,3408.94,5.0,87081.38,-0.39724211703407636,4885.1,332.1199999999999,0.10794261607763855,-3923.649999999994,-0.04012130722461658,4911.289999999994,1.1154901487505862,778991,2024-12,17.0,3.0,1.0,0.2700000000000031,0.015882352941176653,16736.12,984.4776470588234,38.620000000000005,0.0,1321.3100000000002,38.620000000000005,0.02922856861750838
778991_2025-01,778991,,2024-04-23,USD,Trust,US,NY,OPEN,0,283,778991,2025-01,1.0,9069.92,10391.2,1515.25500872594,21.0,0.0,3411.13,3.0,87412.17,0.4136739481128766,1321.2800000000007,3.519999999999982,0.0010329820607405137,2657.5899999999965,0.028324055010432878,4985.5899999999965,1.1039199368493822,778991,2025-01,3.0,2.0,1.0,0.8599999999999999,0.2866666666666666,3.52,1.1733333333333333,0.0,0.0,3.52,0.0,0.0
778991_2025-02,778991,,2024-04-23,USD,Trust,US,NY,OPEN,0,311,778991,2025-02,1.0,7508.12,10724.43,1201.3098327911994,19.0,0.0,3413.1,3.0,87413.5,-0.07700742758656298,3216.3100000000004,4.1599999999998545,0.0012203206861956663,-622.2599999999948,-0.006512535474301669,4468.369999999995,1.1175648492872783,778991,2025-02,2.0,2.0,1.0,-0.21999999999999997,-0.10999999999999999,4.16,2.08,0.0,0.0,4.16,0.0,0.0
778991_2025-03,778991,,2024-04-23,USD,Trust,US,NY,OPEN,0,342,778991,2025-03,1.0,1958.86,6064.76,1449.8547297387124,21.0,0.0,3415.27,3.0,87415.69,-0.6582416067805246,4105.900000000001,4.139999999999873,0.0012136740610882238,-3768.709999999992,-0.040459637091319695,5422.580000000002,1.0285480215009586,778991,2025-03,2.0,2.0,1.0,0.19999999999999996,0.09999999999999998,4.14,2.07,0.0,0.0,4.14,0.0,0.0
778991_2025-04,778991,,2024-04-23,USD,Trust,US,NY,OPEN,0,372,778991,2025-04,1.0,2414.93,3146.11,3146.5067114207327,8.0,13.0,11369.5,4.0,87417.66,-0.003569100256645166,731.1800000000003,7956.4,2.3311359174943598,-1117.5100000000093,-0.012438719679292151,11242.75,0.9694411653231687,778991,2025-04,7.0,4.0,1.0,14.629999999999928,2.0899999999999896,8735.4,1247.9142857142856,0.0,-1157.17,16631.829999999998,-1157.17,-0.0695756269755042
778991_2025-05,778991,,2024-04-23,USD,Trust,US,NY,OPEN,0,403,778991,2025-05,1.0,7905.08,8527.74,1972.0174645328898,22.0,0.0,11400.23,3.0,86292.0,1.680924087036736,622.6599999999999,47.529999999998836,0.004186669250486565,5003.970000000001,0.05607277132929572,5595.899999999994,1.081468792836043,778991,2025-05,2.0,2.0,1.0,13.93,6.965,47.53,23.765,0.0,0.0,47.53,0.0,0.0
778991_2025-06,778991,,2024-04-23,USD,Trust,US,NY,OPEN,0,433,778991,2025-06,1.0,12306.39,12306.39,1162.0786788672688,20.0,0.0,11429.91,3.0,86308.8,0.507203262686695,0.0,60.409999999999854,0.005313338317428194,4201.75,0.04447527014089084,4201.75,1.1367364143870602,778991,2025-06,2.0,2.0,1.0,-1.0500000000000007,-0.5250000000000004,60.41,30.205,0.0,0.0,60.41,0.0,0.0
778991_2025-07,778991,,2024-04-23,USD,Trust,US,NY,OPEN,0,464,778991,2025-07,1.0,13165.58,13316.68,437.29313893542815,6.0,0.0,11429.91,2.0,86339.53,0.08785857883094844,151.10000000000036,29.68000000000029,0.002603456246058219,1092.9699999999866,0.011102700051664898,1244.0699999999924,1.1772157629800293,778991,2025-07,1.0,1.0,1.0,-29.68,-29.68,29.68,29.68,0.0,0.0,29.68,0.0,0.0
783149_2024-08,783149,,2024-08-07,USD,Individual,US,NJ,OPEN,0,24,783149,2024-08,3.0,132125.17,132645.3,50459.32673696174,9.0,0.0,248225.17,10.0,339191.2,0.2427051537796859,520.1299999999756,243451.12000000002,50.99467328578461,269977.9,0.6063347857363114,1163596.44,1.1971578686691995,783149,2024-08,318.0,12.0,3.0,3311136.86,10412.380062893082,4284751.62,13474.061698113208,26081.94,-13724.88,6940450.44,12357.06,0.0017804406366454795
783149_2024-09,783149,,2024-08-07,USD,Individual,US,NJ,OPEN,0,54,783149,2024-09,4.0,8908.34,134783.7,63933.910520181904,8.0,0.0,665.443,15.0,119654.0,,125875.36000000002,-118988.557,-0.9944386063148746,-90835.84,-0.7591542280241362,739389.7100000001,1.2314808998598474,783149,2024-09,9.0,1.0,2.0,0.0,0.0,503.48,55.94222222222223,0.0,0.0,1007.78,0.0,0.0
783149_2024-10,783149,,2024-08-07,USD,Individual,US,NJ,OPEN,0,85,783149,2024-10,3.0,8785.26,109607.81,46556.38463934696,32.0,0.0,665.443,48.0,319282.21,-0.9167199257867104,100822.55,-3693.7039999999997,-0.847345593071305,-396077.67,-0.9324460432078093,427386.94,1.2640636877122977,783149,2024-10,2.0,1.0,1.0,0.42,0.21,0.0,0.0,0.0,0.0,0.42,0.0,0.0
783149_2024-11,783149,,2024-08-07,USD,Individual,US,NJ,OPEN,0,115,783149,2024-11,3.0,11803.86,90551.38,35369.58065268919,36.0,0.0,665.863,54.0,319282.21,-0.8646751373728735,78747.52,-3693.2839999999997,-0.8472492439461206,-374794.21,-0.9219841286885379,408330.51,1.2288958133770813,783149,2024-11,7.0,1.0,2.0,0.0,0.0,3.85,0.55,0.0,0.0,4.96,0.0,0.0
783149_2024-12,783149,,2024-08-07,USD,Individual,US,NJ,OPEN,0,146,783149,2024-12,3.0,10401.54,84223.05,28499.06412317849,42.0,0.0,676.412,63.0,319282.21,-0.8751234174236587,73821.51000000001,-3682.7349999999997,-0.8448292750852402,-371611.36000000004,-0.9230819751472497,401990.98,1.1821225778699918,783149,2024-12,33.0,4.0,3.0,3265.3900000000003,98.95121212121214,14690.733,445.17372727272726,30610.96,0.0,71962.87,30610.96,0.42537158398490776
783149_2025-01,783149,,2024-08-07,USD,Individual,US,NJ,OPEN,0,177,783149,2025-01,3.0,11525.82,46573.64,14515.521070462411,42.0,0.0,676.712,63.0,352268.04,-0.5254985718626057,35047.82,-4097.072,-0.8582441099136451,-344468.43,-0.914780845957448,397321.97000000003,1.1178205558331333,783149,2025-01,10.0,3.0,2.0,0.0,0.0,10.706,1.0706,0.0,0.0,16.240000000000002,0.0,0.0
783149_2025-02,783149,,2024-08-07,USD,Individual,US,NJ,OPEN,0,205,783149,2025-02,3.0,9333.05,45652.45,16442.570039000533,38.0,0.0,677.012,57.0,352268.04,-0.7767540310476,36319.399999999994,-4096.772,-0.8581812666848773,-364176.66,-0.9241322534757288,396395.52999999997,1.128790437263945,783149,2025-02,6.0,1.0,2.0,0.0,0.0,6.54,1.09,0.0,0.0,10.040000000000001,0.0,0.0
783149_2025-03,783149,,2024-08-07,USD,Individual,US,NJ,OPEN,0,236,783149,2025-03,3.0,6107.77,43243.98,14165.181405178497,42.0,0.0,677.382,63.0,352268.04,-0.836715090788545,37136.21000000001,-4096.402,-0.8581037600360637,-363001.03,-0.9315514131261227,393982.34,1.0707818384240686,783149,2025-03,29.0,4.0,3.0,1241.750000000001,42.81896551724141,132720.102,4576.555241379311,7025.38,0.0,133176.77,7025.38,0.052752293061319934
783149_2025-04,783149,,2024-08-07,USD,Individual,US,NJ,OPEN,0,266,783149,2025-04,3.0,7474.86,16227.08,5971.809504466015,30.0,12.0,677.842,63.0,359384.15,-0.4046915169142454,8752.220000000001,-4185.061000000001,-0.8606095988342767,-343900.27,-0.9246111534580955,352137.69,0.9927444255946941,783149,2025-04,12.0,4.0,3.0,0.0,0.0,887.793,73.98275,262.95,0.0,1209.0200000000002,262.95,0.2174901986733056
783149_2025-05,783149,,2024-08-07,USD,Individual,US,NJ,OPEN,0,297,783149,2025-05,3.0,11314.65,14564.1,6410.907640148402,32.0,12.0,678.172,66.0,359633.02,0.512204933829799,3249.4500000000007,-4194.811,-0.860830214265061,-335234.97,-0.9131600226359433,345786.21,1.0475967154080223,783149,2025-05,67.0,2.0,3.0,0.0,0.0,32737.125,488.61380597014926,0.0,-5605.99,59665.48,-5605.99,-0.09395700830698085
783149_2025-06,783149,,2024-08-07,USD,Individual,US,NJ,OPEN,0,327,783149,2025-06,3.0,13705.34,15634.65,5567.524290502024,40.0,0.0,678.492,60.0,326947.27,0.5922389426076289,1929.3099999999995,-4035.276,-0.8560616474972887,-301283.57,-0.8978668048497346,395000.0,1.3857424138420213,783149,2025-06,132.0,5.0,3.0,5000.0,37.878787878787875,1799155.825,13629.96837121212,43863.89,-31072.26,2131201.76,12791.630000000001,0.006002073684473685
783149_2025-07,783149,,2024-08-07,USD,Individual,US,NJ,OPEN,0,358,783149,2025-07,3.0,13668.23,13668.23,5842.481590960199,12.0,0.0,678.492,18.0,3380.14,3.293878153676029,0.0,490.26899999999995,2.6047241835482375,27670.85,4.215977255448073,33517.69,1.6220018300492183,,,,,,,,,,,,,,
792288_2025-02,792288,,2025-02-13,USD,Entity,US,NY,OPEN,0,15,,,,,,,,,,,,,,,,,,,,,,,,,,,,,,,,,
792288_2025-03,792288,,2025-02-13,USD,Entity,US,NY,OPEN,0,46,792288,2025-03,2.0,0.0,51179.13,23904.18837272299,5.0,0.0,47815.05,8.0,709403.83,-1.0,51179.13,17133.050000000003,0.558407209438759,-712767.9099999999,-0.9371336823007446,716176.27,1.0597769902583982,792288,2025-03,10.0,2.0,3.0,-747824.8600000001,-74782.486,1651050.2799999998,165105.028,0.0,0.0,2364956.88,0.0,0.0
792288_2025-04,792288,,2025-02-13,USD,Entity,US,NY,OPEN,0,76,792288,2025-04,2.0,0.0,48767.0,13921.220619636606,17.0,4.0,49900.01,42.0,709403.83,-1.0,48767.0,19218.010000000002,0.6263610586011343,-705286.62,-0.9339236050828919,711650.0599999999,1.016186438706315,792288,2025-04,6.0,3.0,2.0,129.15999999999974,21.526666666666625,25538.52,4256.42,0.0,0.0,9217.88,0.0,0.0
792288_2025-05,792288,,2025-02-13,USD,Entity,US,NY,OPEN,0,107,792288,2025-05,2.0,0.0,36393.41,14961.93567818035,22.0,0.0,3358.02,44.0,709403.83,-1.0,36393.41,-27323.98,-0.8905540707906916,-725593.2999999999,-0.995393354936239,745697.23,1.0378756447713178,792288,2025-05,6.0,3.0,2.0,-130.99999999999739,-21.8333333333329,122557.89,20426.315,0.0,0.0,106247.02000000002,0.0,0.0
792288_2025-06,792288,,2025-02-13,USD,Entity,US,NY,OPEN,0,137,792288,2025-06,2.0,0.0,51255.23,22616.182138675562,20.0,0.0,6702.44,40.0,709403.83,-1.0,51255.23,-23979.56,-0.7815513982139366,-738035.52,-0.9910002707529505,757328.92,1.0581946035681655,792288,2025-06,4.0,2.0,2.0,-17.15000000000011,-4.287500000000027,22913.3,5728.325,0.0,0.0,6705.99,0.0,0.0
792288_2025-07,792288,,2025-02-13,USD,Entity,US,NY,OPEN,0,168,792288,2025-07,3.0,0.0,51581.01,24251.21219580251,10.0,1.0,6702.44,17.0,709403.83,-1.0,51581.01,-23979.56,-0.7815513982139366,-749487.3400000001,-0.991136563628247,754282.4,1.043345441761592,792288,2025-07,4.0,2.0,2.0,-10.729999999981374,-2.6824999999953434,949984.9569999999,237496.23924999998,0.0,0.0,1240010.73,0.0,0.0
162150_2018-01,162150,2018-12-06,2005-08-12,USD,Joint,US,NY,CLOSED,0,4555,162150,2018-01,1.0,-1255.61,-1255.61,,0.0,1.0,1252638.12,1.0,1294834.62,0.0,0.0,0.0,0.0,0.0,0.0,0.0,0.9978833601792987,162150,2018-01,11.0,3.0,1.0,475.0,43.18181818181818,61321.13,5574.648181818182,0.0,-1.12,42480.86000000001,-1.12,-2.6364814648291015e-05
162150_2018-02,162150,2018-12-06,2005-08-12,USD,Joint,US,NY,CLOSED,0,4583,162150,2018-02,1.0,-1308.24,-1308.24,,0.0,1.0,1241009.41,1.0,1290646.41,0.0,0.0,0.0,0.0,0.0,0.0,0.0,0.9980066554133061,162150,2018-02,19.0,8.0,1.0,2500.0,131.57894736842104,418749.61,22039.453157894735,0.0,0.0,337396.06,0.0,0.0
162150_2018-03,162150,2018-12-06,2005-08-12,USD,Joint,US,NY,CLOSED,0,4614,162150,2018-03,1.0,-1391.85,-1391.85,,0.0,1.0,1234516.5,1.0,1340453.06,0.0,0.0,0.0,0.0,0.0,0.0,0.0,0.9981975516130114,162150,2018-03,17.0,6.0,1.0,-48443.56,-2849.621176470588,356764.51,20986.147647058824,0.0,0.0,271354.63999999996,0.0,0.0
162150_2018-04,162150,2018-12-06,2005-08-12,USD,Joint,US,NY,CLOSED,0,4644,162150,2018-04,1.0,-3858.9,-3858.9,,0.0,1.0,1220109.47,1.0,1289543.97,0.0,0.0,0.0,0.0,0.0,0.0,0.0,0.9957686005437233,162150,2018-04,17.0,6.0,1.0,53568.55999999999,3151.091764705882,466556.06,27444.47411764706,0.0,0.0,389288.54,0.0,0.0
162150_2018-05,162150,2018-12-06,2005-08-12,USD,Joint,US,NY,CLOSED,0,4675,162150,2018-05,1.0,-1985.41,-1985.41,,0.0,1.0,1229183.67,1.0,1292280.17,0.0,0.0,0.0,0.0,0.0,0.0,0.0,0.9977360893585814,162150,2018-05,34.0,6.0,1.0,12875.0,378.6764705882353,848876.53,24966.956764705883,0.0,0.0,367829.0,0.0,0.0
162150_2018-06,162150,2018-12-06,2005-08-12,USD,Joint,US,NY,CLOSED,0,4705,162150,2018-06,1.0,1351.69,1351.69,,1.0,0.0,1223346.56,1.0,1441666.38,0.0,0.0,0.0,0.0,0.0,0.0,0.0,1.0015267913497379,162150,2018-06,16.0,5.0,1.0,-153223.32,-9576.4575,556058.93,34753.683125,0.0,0.0,470197.74,0.0,0.0
162150_2018-07,162150,2018-12-06,2005-08-12,USD,Joint,US,NY,CLOSED,0,4736,162150,2018-07,1.0,476.08,476.08,,1.0,0.0,1225322.07,1.0,1287731.07,0.0,0.0,0.0,0.0,0.0,0.0,0.0,1.0006002816980506,162150,2018-07,14.0,4.0,1.0,157160.81999999998,11225.772857142856,205582.91999999998,14684.494285714285,0.0,0.0,158093.4,0.0,0.0
162150_2018-08,162150,2018-12-06,2005-08-12,USD,Joint,US,NY,CLOSED,0,4767,162150,2018-08,1.0,-551.15,-551.15,,0.0,1.0,1221277.54,1.0,1287847.05,0.0,0.0,0.0,0.0,0.0,0.0,0.0,0.9995682841839335,162150,2018-08,18.0,5.0,1.0,2437.49,135.4161111111111,310787.39,17265.966111111113,0.0,0.0,221298.78999999998,0.0,0.0
162150_2018-09,162150,2018-12-06,2005-08-12,USD,Joint,US,NY,CLOSED,0,4797,162150,2018-09,1.0,-3594.49,-3594.49,,0.0,1.0,1225352.23,1.0,1286528.74,0.0,0.0,0.0,0.0,0.0,0.0,0.0,0.9962818048367104,162150,2018-09,16.0,5.0,1.0,3812.5,238.28125,354272.89,22142.055625,0.0,0.0,211961.88,0.0,0.0
162150_2018-10,162150,2018-12-06,2005-08-12,USD,Joint,US,NY,CLOSED,0,4828,162150,2018-10,1.0,-4606.98,-4606.98,,0.0,1.0,1218218.16,1.0,1286370.17,0.0,0.0,0.0,0.0,0.0,0.0,0.0,0.9957064603568686,162150,2018-10,26.0,9.0,1.0,5093.750000000007,195.91346153846183,618172.93,23775.881923076926,0.0,0.0,440996.51,0.0,0.0
162150_2018-11,162150,2018-12-06,2005-08-12,USD,Joint,US,NY,CLOSED,0,4858,162150,2018-11,1.0,-2471.33,-2471.33,,0.0,1.0,1228614.86,1.0,1288276.87,0.0,0.0,0.0,0.0,0.0,0.0,0.0,0.9974858508439016,162150,2018-11,30.0,4.0,1.0,11187.5,372.9166666666667,663926.34,22130.878,0.0,0.0,236388.41999999998,0.0,0.0
162150_2018-12,162150,2018-12-06,2005-08-12,USD,Joint,US,NY,CLOSED,1,4889,,,,,,,,,,,,,,,,,,,,162150,2018-12,22.0,1.0,1.0,-1281340.39,-58242.744999999995,1228614.88,55846.130909090905,0.0,0.0,1281340.41,0.0,0.0
188915_2017-06,188915,2018-05-22,2016-06-23,USD,Individual,US,DC,CLOSED,0,372,,,,,,,,,,,,,,,,,,,,,,,,,,,,,,,,,
188915_2017-07,188915,2018-05-22,2016-06-23,USD,Individual,US,DC,CLOSED,0,403,,,,,,,,,,,,,,,,,,,,,,,,,,,,,,,,,
188915_2017-08,188915,2018-05-22,2016-06-23,USD,Individual,US,DC,CLOSED,0,434,,,,,,,,,,,,,,,,,,,,,,,,,,,,,,,,,
188915_2017-09,188915,2018-05-22,2016-06-23,USD,Individual,US,DC,CLOSED,0,464,,,,,,,,,,,,,,,,,,,,,,,,,,,,,,,,,
188915_2017-10,188915,2018-05-22,2016-06-23,USD,Individual,US,DC,CLOSED,0,495,,,,,,,,,,,,,,,,,,,,,,,,,,,,,,,,,
188915_2017-11,188915,2018-05-22,2016-06-23,USD,Individual,US,DC,CLOSED,0,525,,,,,,,,,,,,,,,,,,,,,,,,,,,,,,,,,
188915_2017-12,188915,2018-05-22,2016-06-23,USD,Individual,US,DC,CLOSED,0,556,,,,,,,,,,,,,,,,,,,,,,,,,,,,,,,,,
188915_2018-01,188915,2018-05-22,2016-06-23,USD,Individual,US,DC,CLOSED,0,587,,,,,,,,,,,,,,,,,,,,188915,2018-01,1.0,1.0,1.0,0.0,0.0,0.0,0.0,0.0,0.0,0.0,0.0,
188915_2018-02,188915,2018-05-22,2016-06-23,USD,Individual,US,DC,CLOSED,0,615,,,,,,,,,,,,,,,,,,,,,,,,,,,,,,,,,
188915_2018-03,188915,2018-05-22,2016-06-23,USD,Individual,US,DC,CLOSED,0,646,,,,,,,,,,,,,,,,,,,,,,,,,,,,,,,,,
188915_2018-04,188915,2018-05-22,2016-06-23,USD,Individual,US,DC,CLOSED,0,676,,,,,,,,,,,,,,,,,,,,,,,,,,,,,,,,,
188915_2018-05,188915,2018-05-22,2016-06-23,USD,Individual,US,DC,CLOSED,1,707,,,,,,,,,,,,,,,,,,,,,,,,,,,,,,,,,
205156_2003-10,205156,2004-09-03,1997-12-10,USD,Trust,US,NY,CLOSED,0,2151,,,,,,,,,,,,,,,,,,,,,,,,,,,,,,,,,
205156_2003-11,205156,2004-09-03,1997-12-10,USD,Trust,US,NY,CLOSED,0,2181,,,,,,,,,,,,,,,,,,,,,,,,,,,,,,,,,
205156_2003-12,205156,2004-09-03,1997-12-10,USD,Trust,US,NY,CLOSED,0,2212,,,,,,,,,,,,,,,,,,,,205156,2003-12,6.0,3.0,1.0,8.96,1.4933333333333334,18.41,3.0683333333333334,0.0,0.0,26.84,0.0,0.0
205156_2004-01,205156,2004-09-03,1997-12-10,USD,Trust,US,NY,CLOSED,0,2243,,,,,,,,,,,,,,,,,,,,205156,2004-01,10.0,3.0,1.0,2.2700000000004366,0.22700000000004367,20837.662,2083.7662,79.55,-6842.12,39814.39,-6762.57,-0.1698524076345261
205156_2004-02,205156,2004-09-03,1997-12-10,USD,Trust,US,NY,CLOSED,0,2272,,,,,,,,,,,,,,,,,,,,205156,2004-02,2.0,1.0,1.0,0.0,0.0,17.18,8.59,0.0,0.0,17.18,0.0,0.0
205156_2004-03,205156,2004-09-03,1997-12-10,USD,Trust,US,NY,CLOSED,0,2303,,,,,,,,,,,,,,,,,,,,205156,2004-03,2.0,1.0,1.0,0.0,0.0,24.06,12.03,0.0,0.0,24.06,0.0,0.0
205156_2004-04,205156,2004-09-03,1997-12-10,USD,Trust,US,NY,CLOSED,0,2333,,,,,,,,,,,,,,,,,,,,205156,2004-04,2.0,1.0,1.0,0.0,0.0,26.46,13.23,0.0,0.0,26.46,0.0,0.0
205156_2004-05,205156,2004-09-03,1997-12-10,USD,Trust,US,NY,CLOSED,0,2364,,,,,,,,,,,,,,,,,,,,205156,2004-05,2.0,1.0,1.0,0.0,0.0,26.54,13.27,0.0,0.0,26.54,0.0,0.0
205156_2004-06,205156,2004-09-03,1997-12-10,USD,Trust,US,NY,CLOSED,0,2394,,,,,,,,,,,,,,,,,,,,205156,2004-06,2.0,1.0,1.0,0.0,0.0,25.02,12.51,0.0,0.0,25.02,0.0,0.0
205156_2004-07,205156,2004-09-03,1997-12-10,USD,Trust,US,NY,CLOSED,0,2425,,,,,,,,,,,,,,,,,,,,205156,2004-07,2.0,1.0,1.0,0.0,0.0,26.58,13.29,0.0,0.0,26.58,0.0,0.0
205156_2004-08,205156,2004-09-03,1997-12-10,USD,Trust,US,NY,CLOSED,0,2456,,,,,,,,,,,,,,,,,,,,205156,2004-08,13.0,2.0,1.0,1137.99,87.53769230769231,112.692,8.668615384615384,2.71,-584.4200000000001,1171.49,-581.71,-0.4965556684222657
205156_2004-09,205156,2004-09-03,1997-12-10,USD,Trust,US,NY,CLOSED,1,2486,,,,,,,,,,,,,,,,,,,,205156,2004-09,4.0,2.0,1.0,-1137.9900000000016,-284.4975000000004,43478.75,10869.6875,0.0,0.0,43478.75,0.0,0.0
209310_2003-05,209310,2004-04-23,1997-07-09,USD,WRAP Fee Accounts,US,NY,CLOSED,0,2152,,,,,,,,,,,,,,,,,,,,,,,,,,,,,,,,,
209310_2003-06,209310,2004-04-23,1997-07-09,USD,WRAP Fee Accounts,US,NY,CLOSED,0,2182,,,,,,,,,,,,,,,,,,,,,,,,,,,,,,,,,
209310_2003-07,209310,2004-04-23,1997-07-09,USD,WRAP Fee Accounts,US,NY,CLOSED,0,2213,,,,,,,,,,,,,,,,,,,,,,,,,,,,,,,,,
209310_2003-08,209310,2004-04-23,1997-07-09,USD,WRAP Fee Accounts,US,NY,CLOSED,0,2244,,,,,,,,,,,,,,,,,,,,,,,,,,,,,,,,,
209310_2003-09,209310,2004-04-23,1997-07-09,USD,WRAP Fee Accounts,US,NY,CLOSED,0,2274,,,,,,,,,,,,,,,,,,,,,,,,,,,,,,,,,
209310_2003-10,209310,2004-04-23,1997-07-09,USD,WRAP Fee Accounts,US,NY,CLOSED,0,2305,,,,,,,,,,,,,,,,,,,,,,,,,,,,,,,,,
209310_2003-11,209310,2004-04-23,1997-07-09,USD,WRAP Fee Accounts,US,NY,CLOSED,0,2335,,,,,,,,,,,,,,,,,,,,,,,,,,,,,,,,,
209310_2003-12,209310,2004-04-23,1997-07-09,USD,WRAP Fee Accounts,US,NY,CLOSED,0,2366,,,,,,,,,,,,,,,,,,,,,,,,,,,,,,,,,
209310_2004-01,209310,2004-04-23,1997-07-09,USD,WRAP Fee Accounts,US,NY,CLOSED,0,2397,,,,,,,,,,,,,,,,,,,,,,,,,,,,,,,,,
209310_2004-02,209310,2004-04-23,1997-07-09,USD,WRAP Fee Accounts,US,NY,CLOSED,0,2426,,,,,,,,,,,,,,,,,,,,,,,,,,,,,,,,,
209310_2004-03,209310,2004-04-23,1997-07-09,USD,WRAP Fee Accounts,US,NY,CLOSED,0,2457,,,,,,,,,,,,,,,,,,,,,,,,,,,,,,,,,
209310_2004-04,209310,2004-04-23,1997-07-09,USD,WRAP Fee Accounts,US,NY,CLOSED,1,2487,,,,,,,,,,,,,,,,,,,,,,,,,,,,,,,,,
209324_2003-05,209324,2004-04-23,1997-07-18,USD,WRAP Fee Accounts,US,CT,CLOSED,0,2143,,,,,,,,,,,,,,,,,,,,,,,,,,,,,,,,,
209324_2003-06,209324,2004-04-23,1997-07-18,USD,WRAP Fee Accounts,US,CT,CLOSED,0,2173,,,,,,,,,,,,,,,,,,,,,,,,,,,,,,,,,
209324_2003-07,209324,2004-04-23,1997-07-18,USD,WRAP Fee Accounts,US,CT,CLOSED,0,2204,,,,,,,,,,,,,,,,,,,,,,,,,,,,,,,,,
209324_2003-08,209324,2004-04-23,1997-07-18,USD,WRAP Fee Accounts,US,CT,CLOSED,0,2235,,,,,,,,,,,,,,,,,,,,,,,,,,,,,,,,,
209324_2003-09,209324,2004-04-23,1997-07-18,USD,WRAP Fee Accounts,US,CT,CLOSED,0,2265,,,,,,,,,,,,,,,,,,,,,,,,,,,,,,,,,
209324_2003-10,209324,2004-04-23,1997-07-18,USD,WRAP Fee Accounts,US,CT,CLOSED,0,2296,,,,,,,,,,,,,,,,,,,,,,,,,,,,,,,,,
209324_2003-11,209324,2004-04-23,1997-07-18,USD,WRAP Fee Accounts,US,CT,CLOSED,0,2326,,,,,,,,,,,,,,,,,,,,,,,,,,,,,,,,,
209324_2003-12,209324,2004-04-23,1997-07-18,USD,WRAP Fee Accounts,US,CT,CLOSED,0,2357,,,,,,,,,,,,,,,,,,,,,,,,,,,,,,,,,
209324_2004-01,209324,2004-04-23,1997-07-18,USD,WRAP Fee Accounts,US,CT,CLOSED,0,2388,,,,,,,,,,,,,,,,,,,,,,,,,,,,,,,,,
209324_2004-02,209324,2004-04-23,1997-07-18,USD,WRAP Fee Accounts,US,CT,CLOSED,0,2417,,,,,,,,,,,,,,,,,,,,,,,,,,,,,,,,,
209324_2004-03,209324,2004-04-23,1997-07-18,USD,WRAP Fee Accounts,US,CT,CLOSED,0,2448,,,,,,,,,,,,,,,,,,,,,,,,,,,,,,,,,
209324_2004-04,209324,2004-04-23,1997-07-18,USD,WRAP Fee Accounts,US,CT,CLOSED,1,2478,,,,,,,,,,,,,,,,,,,,,,,,,,,,,,,,,
214436_2000-06,214436,2000-06-29,2000-06-02,USD,Individual,US,NY,CLOSED,1,28,,,,,,,,,,,,,,,,,,,,,,,,,,,,,,,,,
215886_2003-12,215886,2004-11-22,2001-02-02,USD,Trust,US,FL,CLOSED,0,1062,,,,,,,,,,,,,,,,,,,,215886,2003-12,36.0,15.0,1.0,10681.84,296.71777777777777,82350.77,2287.521388888889,14602.09,0.0,263033.94,14602.09,0.05551409069111005
215886_2004-01,215886,2004-11-22,2001-02-02,USD,Trust,US,FL,CLOSED,0,1093,,,,,,,,,,,,,,,,,,,,215886,2004-01,18.0,9.0,1.0,14970.0,831.6666666666666,118014.56999999999,6556.365,12934.97,-2489.54,497631.69999999995,10445.43,0.020990282572432586
215886_2004-02,215886,2004-11-22,2001-02-02,USD,Trust,US,FL,CLOSED,0,1122,,,,,,,,,,,,,,,,,,,,215886,2004-02,19.0,8.0,1.0,10788.999999999993,567.8421052631575,568851.69,29939.562631578945,24455.690000000002,0.0,486121.13999999996,24455.690000000002,0.05030781010675653
215886_2004-03,215886,2004-11-22,2001-02-02,USD,Trust,US,FL,CLOSED,0,1153,,,,,,,,,,,,,,,,,,,,215886,2004-03,27.0,15.0,1.0,9804.500000000015,363.1296296296302,95805.34,3548.3459259259257,4009.72,0.0,307996.19999999995,4009.72,0.013018732049291519
215886_2004-04,215886,2004-11-22,2001-02-02,USD,Trust,US,FL,CLOSED,0,1183,,,,,,,,,,,,,,,,,,,,215886,2004-04,19.0,9.0,1.0,16444.96,865.5242105263158,157922.98,8311.735789473685,24519.84,0.0,340738.3,24519.84,0.07196091545916618
215886_2004-05,215886,2004-11-22,2001-02-02,USD,Trust,US,FL,CLOSED,0,1214,,,,,,,,,,,,,,,,,,,,215886,2004-05,27.0,15.0,1.0,18519.680000000008,685.9140740740744,706074.28,26150.89925925926,123.74,0.0,348933.02,123.74,0.00035462393326948533
215886_2004-06,215886,2004-11-22,2001-02-02,USD,Trust,US,FL,CLOSED,0,1244,,,,,,,,,,,,,,,,,,,,215886,2004-06,33.0,15.0,1.0,9465.500000000005,286.8333333333335,128780.2,3902.430303030303,13213.86,0.0,518814.62,13213.86,0.025469328524319535
215886_2004-07,215886,2004-11-22,2001-02-02,USD,Trust,US,FL,CLOSED,0,1275,,,,,,,,,,,,,,,,,,,,215886,2004-07,18.0,8.0,1.0,15670.0,870.5555555555555,132537.56,7363.197777777777,0.0,-17738.77,314268.88,-17738.77,-0.056444564285206986
215886_2004-08,215886,2004-11-22,2001-02-02,USD,Trust,US,FL,CLOSED,0,1306,,,,,,,,,,,,,,,,,,,,215886,2004-08,14.0,7.0,1.0,2002.0000000000073,143.0000000000005,651398.51,46528.465000000004,0.0,-9212.3,316706.72000000003,-9212.3,-0.029087794537482496
215886_2004-09,215886,2004-11-22,2001-02-02,USD,Trust,US,FL,CLOSED,0,1336,,,,,,,,,,,,,,,,,,,,215886,2004-09,31.0,15.0,1.0,15663.25,505.26612903225805,148845.03999999998,4801.452903225806,0.0,0.0,205494.69,0.0,0.0
215886_2004-10,215886,2004-11-22,2001-02-02,USD,Trust,US,FL,CLOSED,0,1367,,,,,,,,,,,,,,,,,,,,215886,2004-10,11.0,7.0,1.0,17760.82,1614.62,89963.95999999999,8178.541818181818,0.0,0.0,61924.78,0.0,0.0
215886_2004-11,215886,2004-11-22,2001-02-02,USD,Trust,US,FL,CLOSED,1,1397,,,,,,,,,,,,,,,,,,,,215886,2004-11,12.0,7.0,1.0,13222.5,1101.875,637479.76,53123.31333333333,0.0,0.0,45202.26,0.0,0.0
222468_2015-05,222468,2016-04-18,2002-01-23,USD,IRA,US,CA,CLOSED,0,4876,,,,,,,,,,,,,,,,,,,,222468,2015-05,4.0,2.0,1.0,0.0,0.0,95.86,23.965,0.0,0.0,65.62,0.0,0.0
222468_2015-06,222468,2016-04-18,2002-01-23,USD,IRA,US,CA,CLOSED,0,4906,,,,,,,,,,,,,,,,,,,,222468,2015-06,2.0,1.0,1.0,0.0,0.0,0.1,0.05,0.0,0.0,0.1,0.0,0.0
222468_2015-07,222468,2016-04-18,2002-01-23,USD,IRA,US,CA,CLOSED,0,4937,,,,,,,,,,,,,,,,,,,,222468,2015-07,2.0,1.0,1.0,0.0,0.0,0.1,0.05,0.0,0.0,0.1,0.0,0.0
222468_2015-08,222468,2016-04-18,2002-01-23,USD,IRA,US,CA,CLOSED,0,4968,,,,,,,,,,,,,,,,,,,,222468,2015-08,4.0,2.0,1.0,0.0,0.0,95.88,23.97,0.0,0.0,65.63999999999999,0.0,0.0
222468_2015-09,222468,2016-04-18,2002-01-23,USD,IRA,US,CA,CLOSED,0,4998,,,,,,,,,,,,,,,,,,,,222468,2015-09,2.0,1.0,1.0,0.0,0.0,0.12,0.06,0.0,0.0,0.12,0.0,0.0
222468_2015-10,222468,2016-04-18,2002-01-23,USD,IRA,US,CA,CLOSED,0,5029,,,,,,,,,,,,,,,,,,,,222468,2015-10,2.0,1.0,1.0,0.0,0.0,0.14,0.07,0.0,0.0,0.14,0.0,0.0
222468_2015-11,222468,2016-04-18,2002-01-23,USD,IRA,US,CA,CLOSED,0,5059,,,,,,,,,,,,,,,,,,,,222468,2015-11,4.0,2.0,1.0,0.0,0.0,95.91999999999999,23.979999999999997,0.0,0.0,65.67999999999999,0.0,0.0
222468_2015-12,222468,2016-04-18,2002-01-23,USD,IRA,US,CA,CLOSED,0,5090,,,,,,,,,,,,,,,,,,,,222468,2015-12,3.0,2.0,1.0,0.12,0.04,0.28,0.09333333333333334,0.0,0.0,0.28,0.0,0.0
222468_2016-01,222468,2016-04-18,2002-01-23,USD,IRA,US,CA,CLOSED,0,5121,,,,,,,,,,,,,,,,,,,,222468,2016-01,2.0,1.0,1.0,-0.12,-0.06,0.12,0.06,0.0,0.0,0.12,0.0,0.0
222468_2016-02,222468,2016-04-18,2002-01-23,USD,IRA,US,CA,CLOSED,0,5150,,,,,,,,,,,,,,,,,,,,222468,2016-02,4.0,2.0,1.0,0.0,0.0,96.12,24.03,0.0,0.0,65.88,0.0,0.0
222468_2016-03,222468,2016-04-18,2002-01-23,USD,IRA,US,CA,CLOSED,0,5181,,,,,,,,,,,,,,,,,,,,222468,2016-03,3.0,2.0,1.0,6860.19,2286.73,63.44,21.146666666666665,2602.48,0.0,6860.629999999999,2602.48,0.3793354254638423
222468_2016-04,222468,2016-04-18,2002-01-23,USD,IRA,US,CA,CLOSED,1,5211,,,,,,,,,,,,,,,,,,,,222468,2016-04,6.0,3.0,1.0,-6860.189999999999,-1143.3649999999998,22000.27,3666.7116666666666,0.0,0.0,22000.27,0.0,0.0
232768_2006-01,232768,2006-12-12,2005-02-18,USD,IRA,US,NJ,CLOSED,0,347,,,,,,,,,,,,,,,,,,,,232768,2006-01,5.0,3.0,1.0,2.1799999999999997,0.43599999999999994,455.996,91.19919999999999,0.0,0.0,42.74,0.0,0.0
232768_2006-02,232768,2006-12-12,2005-02-18,USD,IRA,US,NJ,CLOSED,0,375,,,,,,,,,,,,,,,,,,,,232768,2006-02,7.0,3.0,1.0,11.49,1.6414285714285715,469.98,67.14,0.0,0.0,56.41,0.0,0.0
232768_2006-03,232768,2006-12-12,2005-02-18,USD,IRA,US,NJ,CLOSED,0,406,,,,,,,,,,,,,,,,,,,,232768,2006-03,6.0,4.0,1.0,19.259999999999998,3.2099999999999995,566.117,94.35283333333332,0.0,0.0,64.7,0.0,0.0
232768_2006-04,232768,2006-12-12,2005-02-18,USD,IRA,US,NJ,CLOSED,0,436,,,,,,,,,,,,,,,,,,,,232768,2006-04,6.0,4.0,1.0,9.270000000000003,1.5450000000000006,483.702,80.617,0.0,0.0,70.47,0.0,0.0
232768_2006-05,232768,2006-12-12,2005-02-18,USD,IRA,US,NJ,CLOSED,0,467,,,,,,,,,,,,,,,,,,,,232768,2006-05,5.0,3.0,1.0,13.590000000000002,2.7180000000000004,475.842,95.16839999999999,0.0,0.0,54.27,0.0,0.0
232768_2006-06,232768,2006-12-12,2005-02-18,USD,IRA,US,NJ,CLOSED,0,497,,,,,,,,,,,,,,,,,,,,232768,2006-06,6.0,4.0,1.0,20.14,3.356666666666667,574.715,95.78583333333334,0.0,0.0,67.62,0.0,0.0
232768_2006-07,232768,2006-12-12,2005-02-18,USD,IRA,US,NJ,CLOSED,0,528,,,,,,,,,,,,,,,,,,,,232768,2006-07,6.0,4.0,1.0,11.789999999999996,1.9649999999999992,492.449,82.07483333333333,0.0,0.0,75.85000000000001,0.0,0.0
232768_2006-08,232768,2006-12-12,2005-02-18,USD,IRA,US,NJ,CLOSED,0,559,,,,,,,,,,,,,,,,,,,,232768,2006-08,5.0,3.0,1.0,13.129999999999999,2.626,485.48199999999997,97.09639999999999,0.0,0.0,59.56999999999999,0.0,0.0
232768_2006-09,232768,2006-12-12,2005-02-18,USD,IRA,US,NJ,CLOSED,0,589,,,,,,,,,,,,,,,,,,,,232768,2006-09,6.0,4.0,1.0,22.27,3.7116666666666664,583.9,97.31666666666666,0.0,0.0,71.75,0.0,0.0
232768_2006-10,232768,2006-12-12,2005-02-18,USD,IRA,US,NJ,CLOSED,0,620,,,,,,,,,,,,,,,,,,,,232768,2006-10,60.0,5.0,1.0,-10631.09,-177.18483333333333,919.131,15.31885,0.0,0.0,10683.210000000001,0.0,0.0
232768_2006-11,232768,2006-12-12,2005-02-18,USD,IRA,US,NJ,CLOSED,0,650,,,,,,,,,,,,,,,,,,,,232768,2006-11,3.0,2.0,1.0,0.009999999999990905,0.0033333333333303017,774.69,258.23,681.68,0.0,1363.39,681.68,0.4999889980123075
232768_2006-12,232768,2006-12-12,2005-02-18,USD,IRA,US,NJ,CLOSED,1,681,,,,,,,,,,,,,,,,,,,,,,,,,,,,,,,,,
244070_2007-10,244070,2008-09-12,2007-03-20,USD,Individual,US,NY,CLOSED,0,225,,,,,,,,,,,,,,,,,,,,244070,2007-10,23.0,7.0,1.0,-6163.4,-267.97391304347826,23005.66,1000.2460869565217,0.0,-2211.06,61021.439999999995,-2211.06,-0.03623414983323894
244070_2007-11,244070,2008-09-12,2007-03-20,USD,Individual,US,NY,CLOSED,0,255,,,,,,,,,,,,,,,,,,,,244070,2007-11,54.0,17.0,1.0,16009.920000000002,296.48,91116.5,1687.3425925925926,1328.43,-15353.05,134756.22,-14024.619999999999,-0.10407400860605914
244070_2007-12,244070,2008-09-12,2007-03-20,USD,Individual,US,NY,CLOSED,0,286,,,,,,,,,,,,,,,,,,,,244070,2007-12,22.0,12.0,1.0,1333.999999999999,60.6363636363636,78856.34,3584.379090909091,400.0,-10428.210000000001,142625.82,-10028.210000000001,-0.07031132231176655
244070_2008-01,244070,2008-09-12,2007-03-20,USD,Individual,US,NY,CLOSED,0,317,,,,,,,,,,,,,,,,,,,,244070,2008-01,15.0,7.0,1.0,-92.0,-6.133333333333334,11250.29,750.0193333333334,0.0,0.0,10854.84,0.0,0.0
244070_2008-02,244070,2008-09-12,2007-03-20,USD,Individual,US,NY,CLOSED,0,346,,,,,,,,,,,,,,,,,,,,244070,2008-02,43.0,12.0,1.0,16413.99,381.72069767441866,73234.53,1703.1286046511627,41.29,0.0,64768.33,41.29,0.0006375029277426174
244070_2008-03,244070,2008-09-12,2007-03-20,USD,Individual,US,NY,CLOSED,0,377,,,,,,,,,,,,,,,,,,,,244070,2008-03,11.0,5.0,1.0,1033.9999999999966,93.99999999999969,6013.35,546.6681818181819,0.0,-5649.9,56691.40000000001,-5649.9,-0.09966061871818298
244070_2008-04,244070,2008-09-12,2007-03-20,USD,Individual,US,NY,CLOSED,0,407,,,,,,,,,,,,,,,,,,,,244070,2008-04,12.0,5.0,1.0,-78.0,-6.5,8824.07,735.3391666666666,0.0,0.0,8436.64,0.0,0.0
244070_2008-05,244070,2008-09-12,2007-03-20,USD,Individual,US,NY,CLOSED,0,438,,,,,,,,,,,,,,,,,,,,244070,2008-05,54.0,14.0,1.0,17068.68,316.08666666666664,98771.6,1829.1037037037038,491.42,-8897.11,180483.91999999998,-8405.69,-0.04657306867005106
244070_2008-06,244070,2008-09-12,2007-03-20,USD,Individual,US,NY,CLOSED,0,468,,,,,,,,,,,,,,,,,,,,244070,2008-06,8.0,4.0,1.0,1118.0,139.75,2981.08,372.635,0.0,0.0,1960.1599999999999,0.0,0.0
244070_2008-07,244070,2008-09-12,2007-03-20,USD,Individual,US,NY,CLOSED,0,499,,,,,,,,,,,,,,,,,,,,244070,2008-07,12.0,4.0,1.0,-12195.0,-1016.25,14766.45,1230.5375000000001,0.0,0.0,26048.22,0.0,0.0
244070_2008-08,244070,2008-09-12,2007-03-20,USD,Individual,US,NY,CLOSED,0,530,,,,,,,,,,,,,,,,,,,,244070,2008-08,45.0,13.0,1.0,29499.68,655.5484444444445,83018.79,1844.8619999999999,48.69,-550.04,68475.74,-501.34999999999997,-0.007321571114090916
244070_2008-09,244070,2008-09-12,2007-03-20,USD,Individual,US,NY,CLOSED,1,560,,,,,,,,,,,,,,,,,,,,244070,2008-09,4.0,3.0,1.0,0.0,0.0,35453.4,8863.35,0.0,0.0,35466.82000000001,0.0,0.0
246263_2008-12,246263,2009-11-05,2007-07-27,USD,Non-Profit,US,NY,CLOSED,0,523,,,,,,,,,,,,,,,,,,,,246263,2008-12,46.0,16.0,1.0,-213539.78,-4642.169130434782,800838.64,17409.535652173912,0.0,-16380.71,915725.4999999999,-16380.71,-0.0178882317899851
246263_2009-01,246263,2009-11-05,2007-07-27,USD,Non-Profit,US,NY,CLOSED,0,554,,,,,,,,,,,,,,,,,,,,246263,2009-01,19.0,11.0,1.0,211955.44999999998,11155.55,256936.46,13522.971578947368,0.0,0.0,263742.68999999994,0.0,0.0
246263_2009-02,246263,2009-11-05,2007-07-27,USD,Non-Profit,US,NY,CLOSED,0,582,,,,,,,,,,,,,,,,,,,,246263,2009-02,24.0,13.0,1.0,3673.01,153.04208333333335,36158.49,1506.60375,0.0,-39216.59,70477.19,-39216.59,-0.556443723139359
246263_2009-03,246263,2009-11-05,2007-07-27,USD,Non-Profit,US,NY,CLOSED,0,613,,,,,,,,,,,,,,,,,,,,246263,2009-03,14.0,10.0,1.0,184.0,13.142857142857142,5604.98,400.35571428571427,0.0,0.0,2091.98,0.0,0.0
246263_2009-04,246263,2009-11-05,2007-07-27,USD,Non-Profit,US,NY,CLOSED,0,643,,,,,,,,,,,,,,,,,,,,246263,2009-04,12.0,7.0,1.0,-103.25,-8.604166666666666,11803.0,983.5833333333334,0.0,0.0,6019.75,0.0,0.0
246263_2009-05,246263,2009-11-05,2007-07-27,USD,Non-Profit,US,NY,CLOSED,0,674,,,,,,,,,,,,,,,,,,,,246263,2009-05,43.0,16.0,1.0,-80.7500000000291,-1.8779069767448628,1364396.0,31730.13953488372,2085.8,-4440.2,1460382.07,-2354.3999999999996,-0.0016121808452496268
246263_2009-06,246263,2009-11-05,2007-07-27,USD,Non-Profit,US,NY,CLOSED,0,704,,,,,,,,,,,,,,,,,,,,246263,2009-06,25.0,14.0,1.0,289.00000000000136,11.560000000000054,71707.37000000001,2868.2948000000006,208.25,0.0,93404.42,208.25,0.0022295518777376917
246263_2009-07,246263,2009-11-05,2007-07-27,USD,Non-Profit,US,NY,CLOSED,0,735,,,,,,,,,,,,,,,,,,,,246263,2009-07,17.0,9.0,1.0,-148.74999999999955,-8.749999999999973,14393.130000000001,846.654705882353,0.0,-5079.03,29746.47,-5079.03,-0.1707439571821463
246263_2009-08,246263,2009-11-05,2007-07-27,USD,Non-Profit,US,NY,CLOSED,0,766,,,,,,,,,,,,,,,,,,,,246263,2009-08,31.0,12.0,1.0,-137.11000000000058,-4.42290322580647,268285.26,8654.363225806452,91.43,-36802.57,319428.82999999996,-36711.14,-0.11492744721883746
246263_2009-09,246263,2009-11-05,2007-07-27,USD,Non-Profit,US,NY,CLOSED,0,796,,,,,,,,,,,,,,,,,,,,246263,2009-09,22.0,15.0,1.0,289.0,13.136363636363637,30232.480000000003,1374.2036363636364,0.0,0.0,74153.26000000001,0.0,0.0
246263_2009-10,246263,2009-11-05,2007-07-27,USD,Non-Profit,US,NY,CLOSED,0,827,,,,,,,,,,,,,,,,,,,,246263,2009-10,13.0,8.0,1.0,-148.75,-11.442307692307692,14270.18,1097.706153846154,0.0,0.0,7919.93,0.0,0.0
246263_2009-11,246263,2009-11-05,2007-07-27,USD,Non-Profit,US,NY,CLOSED,1,857,,,,,,,,,,,,,,,,,,,,246263,2009-11,42.0,4.0,1.0,703589.0,16752.119047619046,63976.83,1523.2578571428571,67920.03,-35246.729999999996,706132.6599999999,32673.300000000003,0.04627076730879436
282593_2016-06,282593,2016-11-02,2016-06-29,USD,Individual,US,CA,CLOSED,0,1,,,,,,,,,,,,,,,,,,,,,,,,,,,,,,,,,
282593_2016-07,282593,2016-11-02,2016-06-29,USD,Individual,US,CA,CLOSED,0,32,,,,,,,,,,,,,,,,,,,,,,,,,,,,,,,,,
282593_2016-08,282593,2016-11-02,2016-06-29,USD,Individual,US,CA,CLOSED,0,63,,,,,,,,,,,,,,,,,,,,,,,,,,,,,,,,,
282593_2016-09,282593,2016-11-02,2016-06-29,USD,Individual,US,CA,CLOSED,0,93,,,,,,,,,,,,,,,,,,,,,,,,,,,,,,,,,
282593_2016-10,282593,2016-11-02,2016-06-29,USD,Individual,US,CA,CLOSED,0,124,,,,,,,,,,,,,,,,,,,,,,,,,,,,,,,,,
282593_2016-11,282593,2016-11-02,2016-06-29,USD,Individual,US,CA,CLOSED,1,154,,,,,,,,,,,,,,,,,,,,,,,,,,,,,,,,,
288774_2016-04,288774,2017-03-03,2012-09-27,USD,RETIREMENT PLAN,US,NY,CLOSED,0,1311,,,,,,,,,,,,,,,,,,,,288774,2016-04,29.0,9.0,1.0,18512.629999999997,638.3665517241378,4194.53,144.63896551724136,2699.07,-6675.0599999999995,47225.21,-3975.9899999999993,-0.08419210840989377
288774_2016-05,288774,2017-03-03,2012-09-27,USD,RETIREMENT PLAN,US,NY,CLOSED,0,1342,,,,,,,,,,,,,,,,,,,,288774,2016-05,22.0,9.0,1.0,-3942.459999999999,-179.20272727272723,1440.48,65.47636363636364,995.52,-5652.42,31744.060000000005,-4656.9,-0.14670146162778167
288774_2016-06,288774,2017-03-03,2012-09-27,USD,RETIREMENT PLAN,US,NY,CLOSED,0,1372,,,,,,,,,,,,,,,,,,,,288774,2016-06,91.0,19.0,1.0,-12804.710000000003,-140.71109890109892,57951.15,636.8258241758242,3825.94,0.0,174157.50999999998,3825.94,0.021968274580866483
288774_2016-07,288774,2017-03-03,2012-09-27,USD,RETIREMENT PLAN,US,NY,CLOSED,0,1403,,,,,,,,,,,,,,,,,,,,288774,2016-07,41.0,14.0,1.0,18042.97,440.0724390243903,57137.89,1393.6070731707316,314.04,-10387.88,157242.93,-10073.839999999998,-0.0640654559158876
288774_2016-08,288774,2017-03-03,2012-09-27,USD,RETIREMENT PLAN,US,NY,CLOSED,0,1434,,,,,,,,,,,,,,,,,,,,288774,2016-08,33.0,10.0,1.0,51737.350000000006,1567.798484848485,103168.70999999999,3126.3245454545454,1985.37,0.0,181449.99,1985.37,0.010941692529164647
288774_2016-09,288774,2017-03-03,2012-09-27,USD,RETIREMENT PLAN,US,NY,CLOSED,0,1464,,,,,,,,,,,,,,,,,,,,288774,2016-09,103.0,17.0,1.0,-36280.76,-352.2403883495146,7544.36,73.246213592233,1983.0600000000002,-398.47999999999996,111412.8,1584.5800000000002,0.01422260278890756
288774_2016-10,288774,2017-03-03,2012-09-27,USD,RETIREMENT PLAN,US,NY,CLOSED,0,1495,,,,,,,,,,,,,,,,,,,,288774,2016-10,25.0,8.0,1.0,-27093.82,-1083.7528,5676.37,227.0548,779.4200000000001,0.0,42957.02,779.4200000000001,0.0181441822547281
288774_2016-11,288774,2017-03-03,2012-09-27,USD,RETIREMENT PLAN,US,NY,CLOSED,0,1525,,,,,,,,,,,,,,,,,,,,288774,2016-11,45.0,12.0,1.0,5702.070000000001,126.71266666666668,3849.66,85.548,3120.92,-1391.45,63736.490000000005,1729.47,0.02713469160287929
288774_2016-12,288774,2017-03-03,2012-09-27,USD,RETIREMENT PLAN,US,NY,CLOSED,0,1556,,,,,,,,,,,,,,,,,,,,288774,2016-12,62.0,16.0,1.0,-19440.72,-313.56,6659.34,107.40870967741935,296.05,-1050.16,54048.49999999999,-754.1100000000001,-0.013952468616150314
288774_2017-01,288774,2017-03-03,2012-09-27,USD,RETIREMENT PLAN,US,NY,CLOSED,0,1587,,,,,,,,,,,,,,,,,,,,288774,2017-01,29.0,8.0,1.0,-15481.009999999998,-533.8279310344827,5871.4,202.46206896551723,1361.0700000000002,0.0,53110.770000000004,1361.0700000000002,0.025627005596040125
288774_2017-02,288774,2017-03-03,2012-09-27,USD,RETIREMENT PLAN,US,NY,CLOSED,0,1615,,,,,,,,,,,,,,,,,,,,288774,2017-02,173.0,9.0,1.0,770751.5,4455.210982658959,16549.54,95.6620809248555,122420.31999999999,-19143.81,797034.26,103276.51,0.12957599840187548
288774_2017-03,288774,2017-03-03,2012-09-27,USD,RETIREMENT PLAN,US,NY,CLOSED,1,1646,,,,,,,,,,,,,,,,,,,,288774,2017-03,14.0,2.0,1.0,-792956.8899999999,-56639.77785714285,795814.1499999999,56843.86785714285,0.0,0.0,795871.4099999999,0.0,0.0
289906_2013-06,289906,2014-05-12,2013-01-23,USD,Trust,US,NJ,CLOSED,0,158,,,,,,,,,,,,,,,,,,,,289906,2013-06,39.0,17.0,1.0,-2950.1800000000003,-75.64564102564103,16425.66,421.1707692307692,1883.46,0.0,35127.560000000005,1883.46,0.05361772921318759
289906_2013-07,289906,2014-05-12,2013-01-23,USD,Trust,US,NJ,CLOSED,0,189,,,,,,,,,,,,,,,,,,,,289906,2013-07,44.0,15.0,1.0,379.52999999999946,8.625681818181805,22318.72,507.24363636363637,3297.34,0.0,36695.25000000001,3297.34,0.08985740661257245
289906_2013-08,289906,2014-05-12,2013-01-23,USD,Trust,US,NJ,CLOSED,0,220,,,,,,,,,,,,,,,,,,,,289906,2013-08,54.0,19.0,1.0,1572.25,29.11574074074074,19526.64,361.6044444444444,1751.24,0.0,32678.13,1751.24,0.053590581835619114
289906_2013-09,289906,2014-05-12,2013-01-23,USD,Trust,US,NJ,CLOSED,0,250,,,,,,,,,,,,,,,,,,,,289906,2013-09,41.0,14.0,1.0,2403.0099999999998,58.60999999999999,12962.64,316.16195121951216,969.6700000000001,0.0,21354.43,969.6700000000001,0.045408376622555605
289906_2013-10,289906,2014-05-12,2013-01-23,USD,Trust,US,NJ,CLOSED,0,281,,,,,,,,,,,,,,,,,,,,289906,2013-10,47.0,20.0,1.0,-3172.3799999999997,-67.49744680851063,15661.85,333.2308510638298,1469.97,-15.51,25360.159999999996,1454.46,0.05735216181601379
289906_2013-11,289906,2014-05-12,2013-01-23,USD,Trust,US,NJ,CLOSED,0,311,,,,,,,,,,,,,,,,,,,,289906,2013-11,51.0,18.0,1.0,1801.77,35.328823529411764,12964.64,254.20862745098037,2724.63,0.0,35898.229999999996,2724.63,0.07589872815456362
289906_2013-12,289906,2014-05-12,2013-01-23,USD,Trust,US,NJ,CLOSED,0,342,,,,,,,,,,,,,,,,,,,,289906,2013-12,49.0,18.0,1.0,-34.0,-0.6938775510204082,14563.64,297.21714285714285,2805.99,0.0,28591.199999999997,2805.99,0.09814173591874423
289906_2014-01,289906,2014-05-12,2013-01-23,USD,Trust,US,NJ,CLOSED,0,373,,,,,,,,,,,,,,,,,,,,289906,2014-01,53.0,18.0,1.0,5370.040000000001,101.32150943396228,16762.95,316.28207547169814,5698.03,0.0,39875.219999999994,5698.03,0.14289651568066586
289906_2014-02,289906,2014-05-12,2013-01-23,USD,Trust,US,NJ,CLOSED,0,401,,,,,,,,,,,,,,,,,,,,289906,2014-02,46.0,20.0,1.0,-7518.08,-163.43652173913043,23640.739999999998,513.9291304347826,3951.64,-831.6,48677.31999999999,3120.04,0.06409637999791279
289906_2014-03,289906,2014-05-12,2013-01-23,USD,Trust,US,NJ,CLOSED,0,432,,,,,,,,,,,,,,,,,,,,289906,2014-03,51.0,18.0,1.0,-366.8400000000006,-7.1929411764706,38971.2,764.1411764705882,5899.4,-326.37,68938.8,5573.03,0.08084025251382385
289906_2014-04,289906,2014-05-12,2013-01-23,USD,Trust,US,NJ,CLOSED,0,462,,,,,,,,,,,,,,,,,,,,289906,2014-04,56.0,19.0,1.0,2514.8799999999997,44.90857142857142,24632.24,439.8614285714286,2355.7,0.0,41359.76,2355.7,0.056956326632456276
289906_2014-05,289906,2014-05-12,2013-01-23,USD,Trust,US,NJ,CLOSED,1,493,,,,,,,,,,,,,,,,,,,,289906,2014-05,268.0,6.0,1.0,0.0,0.0,1348675.0999999999,5032.369776119403,88199.18,-18840.12,1759223.0,69359.06,0.039425962484574154
614379_2021-08,614379,2022-07-12,2021-02-19,USD,Entity,HK,,CLOSED,0,193,614379,2021-08,2.0,0.0,0.0,0.0,0.0,0.0,8.23,2.0,0.0,,0.0,16.46,-2.0,16.46,-2.0,16.46,1.0,614379,2021-08,3.0,2.0,1.0,-8.23,-2.7433333333333336,24.69,8.23,0.0,0.0,24.69,0.0,0.0
614379_2021-09,614379,2022-07-12,2021-02-19,USD,Entity,HK,,CLOSED,0,223,,,,,,,,,,,,,,,,,,,,,,,,,,,,,,,,,
614379_2021-10,614379,2022-07-12,2021-02-19,USD,Entity,HK,,CLOSED,0,254,,,,,,,,,,,,,,,,,,,,,,,,,,,,,,,,,
614379_2021-11,614379,2022-07-12,2021-02-19,USD,Entity,HK,,CLOSED,0,284,,,,,,,,,,,,,,,,,,,,,,,,,,,,,,,,,
614379_2021-12,614379,2022-07-12,2021-02-19,USD,Entity,HK,,CLOSED,0,315,,,,,,,,,,,,,,,,,,,,,,,,,,,,,,,,,
614379_2022-01,614379,2022-07-12,2021-02-19,USD,Entity,HK,,CLOSED,0,346,,,,,,,,,,,,,,,,,,,,614379,2022-01,1.0,1.0,1.0,0.0,0.0,0.0,0.0,0.0,0.0,0.0,0.0,
614379_2022-02,614379,2022-07-12,2021-02-19,USD,Entity,HK,,CLOSED,0,374,,,,,,,,,,,,,,,,,,,,,,,,,,,,,,,,,
614379_2022-03,614379,2022-07-12,2021-02-19,USD,Entity,HK,,CLOSED,0,405,,,,,,,,,,,,,,,,,,,,,,,,,,,,,,,,,
614379_2022-04,614379,2022-07-12,2021-02-19,USD,Entity,HK,,CLOSED,0,435,,,,,,,,,,,,,,,,,,,,,,,,,,,,,,,,,
614379_2022-05,614379,2022-07-12,2021-02-19,USD,Entity,HK,,CLOSED,0,466,,,,,,,,,,,,,,,,,,,,,,,,,,,,,,,,,
614379_2022-06,614379,2022-07-12,2021-02-19,USD,Entity,HK,,CLOSED,0,496,,,,,,,,,,,,,,,,,,,,,,,,,,,,,,,,,
614379_2022-07,614379,2022-07-12,2021-02-19,USD,Entity,HK,,CLOSED,1,527,,,,,,,,,,,,,,,,,,,,,,,,,,,,,,,,,
